geoid,census_tract,white_pop,total_pop,white_pct,non_white_pct
09001010101,"Census Tract 101.01, Fairfield County, Connecticut",3979,4391,90.61717148713278,9.38282851286722
09001010102,"Census Tract 101.02, Fairfield County, Connecticut",3709,4136,89.67601547388782,10.323984526112184
09001010201,"Census Tract 102.01, Fairfield County, Connecticut",3125,3501,89.26021136818052,10.73978863181948
09001010202,"Census Tract 102.02, Fairfield County, Connecticut",4428,5743,77.10255963781995,22.89744036218005
09001010300,"Census Tract 103, Fairfield County, Connecticut",3625,4137,87.6238820401257,12.376117959874307
09001010400,"Census Tract 104, Fairfield County, Connecticut",4764,5615,84.84416740872662,15.15583259127338
09001010500,"Census Tract 105, Fairfield County, Connecticut",4958,6478,76.53596789132449,23.46403210867551
09001010600,"Census Tract 106, Fairfield County, Connecticut",1441,1942,74.20185375901133,25.79814624098867
09001010700,"Census Tract 107, Fairfield County, Connecticut",2466,3391,72.72191094072545,27.27808905927455
09001010800,"Census Tract 108, Fairfield County, Connecticut",2782,3292,84.50789793438639,15.492102065613608
09001010900,"Census Tract 109, Fairfield County, Connecticut",3340,5317,62.8173782208012,37.1826217791988
09001011000,"Census Tract 110, Fairfield County, Connecticut",4670,5597,83.43755583348222,16.56244416651778
09001011100,"Census Tract 111, Fairfield County, Connecticut",4522,5148,87.83993783993785,12.160062160062154
09001011200,"Census Tract 112, Fairfield County, Connecticut",1445,1857,77.81367797522887,22.18632202477113
09001011300,"Census Tract 113, Fairfield County, Connecticut",1930,2910,66.32302405498281,33.67697594501719
09001020101,"Census Tract 201.01, Fairfield County, Connecticut",1458,2588,56.33693972179289,43.66306027820711
09001020102,"Census Tract 201.02, Fairfield County, Connecticut",1952,3560,54.831460674157306,45.168539325842694
09001020200,"Census Tract 202, Fairfield County, Connecticut",3468,4047,85.69310600444774,14.306893995552258
09001020301,"Census Tract 203.01, Fairfield County, Connecticut",2616,3385,77.2821270310192,22.7178729689808
09001020302,"Census Tract 203.02, Fairfield County, Connecticut",3433,3966,86.56076651538073,13.439233484619265
09001020400,"Census Tract 204, Fairfield County, Connecticut",2955,3545,83.3568406205924,16.643159379407606
09001020500,"Census Tract 205, Fairfield County, Connecticut",4223,5119,82.49658136354758,17.503418636452423
09001020600,"Census Tract 206, Fairfield County, Connecticut",3178,4790,66.34655532359082,33.65344467640918
09001020700,"Census Tract 207, Fairfield County, Connecticut",3520,4266,82.51289263947493,17.487107360525073
09001020800,"Census Tract 208, Fairfield County, Connecticut",2274,2751,82.6608505997819,17.339149400218105
09001020900,"Census Tract 209, Fairfield County, Connecticut",3330,5197,64.0754281316144,35.9245718683856
09001021000,"Census Tract 210, Fairfield County, Connecticut",2557,3423,74.70055506865323,25.29944493134677
09001021100,"Census Tract 211, Fairfield County, Connecticut",4222,6894,61.24165941398317,38.75834058601683
09001021200,"Census Tract 212, Fairfield County, Connecticut",3615,4418,81.82435491172477,18.175645088275232
09001021300,"Census Tract 213, Fairfield County, Connecticut",2682,4660,57.553648068669524,42.446351931330476
09001021401,"Census Tract 214.01, Fairfield County, Connecticut",977,3584,27.260044642857146,72.73995535714286
09001021402,"Census Tract 214.02, Fairfield County, Connecticut",1691,3306,51.14942528735632,48.85057471264368
09001021501,"Census Tract 215.01, Fairfield County, Connecticut",898,4308,20.844939647168058,79.15506035283194
09001021502,"Census Tract 215.02, Fairfield County, Connecticut",628,2500,25.119999999999997,74.88
09001021601,"Census Tract 216.01, Fairfield County, Connecticut",1617,3326,48.61695730607336,51.38304269392664
09001021602,"Census Tract 216.02, Fairfield County, Connecticut",1800,4740,37.9746835443038,62.0253164556962
09001021701,"Census Tract 217.01, Fairfield County, Connecticut",1516,3902,38.851870835468986,61.148129164531014
09001021702,"Census Tract 217.02, Fairfield County, Connecticut",2499,4074,61.34020618556701,38.65979381443299
09001021801,"Census Tract 218.01, Fairfield County, Connecticut",2916,4751,61.376552304777945,38.623447695222055
09001021802,"Census Tract 218.02, Fairfield County, Connecticut",2533,5372,47.151898734177216,52.848101265822784
09001021900,"Census Tract 219, Fairfield County, Connecticut",4088,6141,66.5689627096564,33.431037290343596
09001022000,"Census Tract 220, Fairfield County, Connecticut",1867,3418,54.62258630778233,45.37741369221767
09001022101,"Census Tract 221.01, Fairfield County, Connecticut",913,3557,25.667697497891485,74.33230250210852
09001022102,"Census Tract 221.02, Fairfield County, Connecticut",2755,4196,65.65776930409915,34.34223069590085
09001022201,"Census Tract 222.01, Fairfield County, Connecticut",1547,3188,48.52572145545796,51.47427854454204
09001022202,"Census Tract 222.02, Fairfield County, Connecticut",2657,4172,63.68648130393096,36.31351869606904
09001022300,"Census Tract 223, Fairfield County, Connecticut",1614,5506,29.313476207773338,70.68652379222667
09001022400,"Census Tract 224, Fairfield County, Connecticut",1985,2170,91.47465437788019,8.525345622119815
09001030100,"Census Tract 301, Fairfield County, Connecticut",3156,3468,91.00346020761245,8.996539792387551
09001030200,"Census Tract 302, Fairfield County, Connecticut",2716,3281,82.77964035355075,17.220359646449253
09001030300,"Census Tract 303, Fairfield County, Connecticut",4067,4516,90.05757307351638,9.94242692648362
09001030400,"Census Tract 304, Fairfield County, Connecticut",3342,4209,79.40128296507484,20.59871703492516
09001030500,"Census Tract 305, Fairfield County, Connecticut",5504,6011,91.5654633172517,8.434536682748302
09001035101,"Census Tract 351.01, Fairfield County, Connecticut",3655,4242,86.16218764733617,13.837812352663832
09001035102,"Census Tract 351.02, Fairfield County, Connecticut",3522,3821,92.17482334467417,7.8251766553258335
09001035200,"Census Tract 352, Fairfield County, Connecticut",2780,3120,89.1025641025641,10.897435897435898
09001035300,"Census Tract 353, Fairfield County, Connecticut",3580,4070,87.96068796068795,12.039312039312051
09001035400,"Census Tract 354, Fairfield County, Connecticut",4704,5321,88.40443525653072,11.595564743469282
09001042500,"Census Tract 425, Fairfield County, Connecticut",2962,3633,81.53041563446187,18.469584365538125
09001042600,"Census Tract 426, Fairfield County, Connecticut",3365,4601,73.13627472288633,26.863725277113673
09001042700,"Census Tract 427, Fairfield County, Connecticut",3627,5586,64.93018259935553,35.06981740064447
09001042800,"Census Tract 428, Fairfield County, Connecticut",3804,5029,75.64128057267845,24.358719427321546
09001042900,"Census Tract 429, Fairfield County, Connecticut",1504,1619,92.89684990735022,7.103150092649784
09001043000,"Census Tract 430, Fairfield County, Connecticut",1982,3197,61.995620894588676,38.004379105411324
09001043100,"Census Tract 431, Fairfield County, Connecticut",3571,4596,77.69799825935596,22.302001740644045
09001043200,"Census Tract 432, Fairfield County, Connecticut",2224,3341,66.56689613888057,33.433103861119434
09001043300,"Census Tract 433, Fairfield County, Connecticut",1531,2959,51.7404528556945,48.2595471443055
09001043400,"Census Tract 434, Fairfield County, Connecticut",3141,4690,66.97228144989339,33.02771855010661
09001043500,"Census Tract 435, Fairfield County, Connecticut",1834,2559,71.66862055490427,28.331379445095735
09001043600,"Census Tract 436, Fairfield County, Connecticut",2090,3304,63.256658595641646,36.743341404358354
09001043700,"Census Tract 437, Fairfield County, Connecticut",1425,3033,46.98318496538081,53.01681503461919
09001043800,"Census Tract 438, Fairfield County, Connecticut",3229,7161,45.091467672112834,54.908532327887166
09001043900,"Census Tract 439, Fairfield County, Connecticut",4471,6422,69.62005605730303,30.37994394269697
09001044000,"Census Tract 440, Fairfield County, Connecticut",3309,5906,56.02776837114799,43.97223162885201
09001044100,"Census Tract 441, Fairfield County, Connecticut",1747,2983,58.565202815957086,41.434797184042914
09001044200,"Census Tract 442, Fairfield County, Connecticut",3026,4206,71.94484070375654,28.05515929624346
09001044300,"Census Tract 443, Fairfield County, Connecticut",3407,4243,80.29695969832666,19.70304030167334
09001044400,"Census Tract 444, Fairfield County, Connecticut",2008,3649,55.02877500685119,44.97122499314881
09001044500,"Census Tract 445, Fairfield County, Connecticut",1821,4420,41.199095022624434,58.800904977375566
09001044600,"Census Tract 446, Fairfield County, Connecticut",3420,3684,92.83387622149837,7.166123778501628
09001045101,"Census Tract 451.01, Fairfield County, Connecticut",3509,4048,86.68478260869566,13.315217391304344
09001045102,"Census Tract 451.02, Fairfield County, Connecticut",4957,6131,80.85141086282826,19.14858913717174
09001045200,"Census Tract 452, Fairfield County, Connecticut",2495,2792,89.36246418338108,10.637535816618922
09001045300,"Census Tract 453, Fairfield County, Connecticut",2026,2492,81.30016051364366,18.69983948635634
09001045400,"Census Tract 454, Fairfield County, Connecticut",2433,3023,80.48296394310287,19.517036056897126
09001050100,"Census Tract 501, Fairfield County, Connecticut",4095,4533,90.33752481800133,9.662475181998673
09001050200,"Census Tract 502, Fairfield County, Connecticut",3147,3622,86.88569850911098,13.11430149088902
09001050301,"Census Tract 503.01, Fairfield County, Connecticut",3722,4305,86.45760743321719,13.542392566782809
09001050302,"Census Tract 503.02, Fairfield County, Connecticut",3849,4302,89.47001394700139,10.52998605299861
09001050400,"Census Tract 504, Fairfield County, Connecticut",1895,2304,82.24826388888889,17.751736111111114
09001050500,"Census Tract 505, Fairfield County, Connecticut",4198,5010,83.79241516966069,16.207584830339314
09001050600,"Census Tract 506, Fairfield County, Connecticut",2476,3092,80.07761966364812,19.92238033635188
09001055100,"Census Tract 551, Fairfield County, Connecticut",4891,5999,81.53025504250708,18.46974495749292
09001055200,"Census Tract 552, Fairfield County, Connecticut",3732,4340,85.99078341013825,14.009216589861751
09001060100,"Census Tract 601, Fairfield County, Connecticut",3228,4068,79.35103244837758,20.64896755162242
09001060200,"Census Tract 602, Fairfield County, Connecticut",4027,4432,90.86191335740072,9.138086642599276
09001060300,"Census Tract 603, Fairfield County, Connecticut",3863,4106,94.08183146614711,5.918168533852892
09001060400,"Census Tract 604, Fairfield County, Connecticut",4560,4783,95.33765419192976,4.662345808070242
09001060500,"Census Tract 605, Fairfield County, Connecticut",2610,2993,87.20347477447378,12.796525225526224
09001060600,"Census Tract 606, Fairfield County, Connecticut",1989,2188,90.90493601462522,9.095063985374779
09001060700,"Census Tract 607, Fairfield County, Connecticut",7568,8198,92.31519882898269,7.6848011710173125
09001060800,"Census Tract 608, Fairfield County, Connecticut",1922,2082,92.31508165225745,7.684918347742553
09001060900,"Census Tract 609, Fairfield County, Connecticut",2256,2644,85.32526475037821,14.67473524962179
09001061000,"Census Tract 610, Fairfield County, Connecticut",3150,3856,81.6908713692946,18.309128630705402
09001061100,"Census Tract 611, Fairfield County, Connecticut",3387,3653,92.718313714755,7.2816862852450015
09001061200,"Census Tract 612, Fairfield County, Connecticut",1991,2532,78.63349131121643,21.36650868878357
09001061300,"Census Tract 613, Fairfield County, Connecticut",2625,3177,82.6251180358829,17.374881964117094
09001061400,"Census Tract 614, Fairfield County, Connecticut",2049,3114,65.79961464354528,34.20038535645472
09001061500,"Census Tract 615, Fairfield County, Connecticut",3733,4536,82.29717813051145,17.702821869488545
09001061600,"Census Tract 616, Fairfield County, Connecticut",4873,5375,90.66046511627907,9.33953488372093
09001070100,"Census Tract 701, Fairfield County, Connecticut",3850,5091,75.62364957768611,24.37635042231389
09001070200,"Census Tract 702, Fairfield County, Connecticut",1537,3953,38.8818618770554,61.1181381229446
09001070300,"Census Tract 703, Fairfield County, Connecticut",560,1245,44.97991967871486,55.02008032128514
09001070400,"Census Tract 704, Fairfield County, Connecticut",796,1586,50.1891551071879,49.8108448928121
09001070500,"Census Tract 705, Fairfield County, Connecticut",868,1877,46.24400639318061,53.75599360681939
09001070600,"Census Tract 706, Fairfield County, Connecticut",1152,2599,44.324740284724896,55.675259715275104
09001070900,"Census Tract 709, Fairfield County, Connecticut",596,2908,20.495185694635488,79.5048143053645
09001071000,"Census Tract 710, Fairfield County, Connecticut",827,3640,22.71978021978022,77.28021978021978
09001071100,"Census Tract 711, Fairfield County, Connecticut",973,4489,21.67520605925596,78.32479394074404
09001071200,"Census Tract 712, Fairfield County, Connecticut",1499,5684,26.372273047149896,73.62772695285011
09001071300,"Census Tract 713, Fairfield County, Connecticut",856,3091,27.693303138142994,72.306696861857
09001071400,"Census Tract 714, Fairfield County, Connecticut",1200,3786,31.695721077654515,68.30427892234549
09001071600,"Census Tract 716, Fairfield County, Connecticut",930,2506,37.110933758978454,62.889066241021546
09001071900,"Census Tract 719, Fairfield County, Connecticut",1699,5307,32.01432070849821,67.98567929150178
09001072000,"Census Tract 720, Fairfield County, Connecticut",962,3589,26.804123711340207,73.19587628865979
09001072100,"Census Tract 721, Fairfield County, Connecticut",2897,6130,47.25938009787928,52.74061990212072
09001072200,"Census Tract 722, Fairfield County, Connecticut",1942,3888,49.9485596707819,50.0514403292181
09001072300,"Census Tract 723, Fairfield County, Connecticut",2148,5007,42.89994008388256,57.10005991611744
09001072400,"Census Tract 724, Fairfield County, Connecticut",953,2996,31.809078771695592,68.1909212283044
09001072500,"Census Tract 725, Fairfield County, Connecticut",2910,5819,50.00859254167382,49.99140745832618
09001072600,"Census Tract 726, Fairfield County, Connecticut",4451,7676,57.98593017196456,42.01406982803544
09001072700,"Census Tract 727, Fairfield County, Connecticut",1428,3920,36.42857142857142,63.57142857142858
09001072800,"Census Tract 728, Fairfield County, Connecticut",1344,5895,22.798982188295167,77.20101781170483
09001072900,"Census Tract 729, Fairfield County, Connecticut",1042,4769,21.849444327951353,78.15055567204865
09001073000,"Census Tract 730, Fairfield County, Connecticut",740,1987,37.24207347760443,62.75792652239557
09001073100,"Census Tract 731, Fairfield County, Connecticut",1515,4599,32.94194390084801,67.058056099152
09001073200,"Census Tract 732, Fairfield County, Connecticut",2176,4161,52.295121365056474,47.704878634943526
09001073300,"Census Tract 733, Fairfield County, Connecticut",883,3601,24.520966398222715,75.47903360177729
09001073400,"Census Tract 734, Fairfield County, Connecticut",905,3845,23.5370611183355,76.4629388816645
09001073500,"Census Tract 735, Fairfield County, Connecticut",1042,3654,28.516694033935412,71.48330596606459
09001073600,"Census Tract 736, Fairfield County, Connecticut",893,2175,41.05747126436782,58.94252873563218
09001073700,"Census Tract 737, Fairfield County, Connecticut",1122,4616,24.306759098786827,75.69324090121317
09001073800,"Census Tract 738, Fairfield County, Connecticut",357,1897,18.81918819188192,81.18081180811808
09001073900,"Census Tract 739, Fairfield County, Connecticut",753,4068,18.51032448377581,81.4896755162242
09001074000,"Census Tract 740, Fairfield County, Connecticut",446,2225,20.04494382022472,79.95505617977528
09001074300,"Census Tract 743, Fairfield County, Connecticut",507,4890,10.368098159509202,89.6319018404908
09001074400,"Census Tract 744, Fairfield County, Connecticut",497,4672,10.637842465753424,89.36215753424658
09001080100,"Census Tract 801, Fairfield County, Connecticut",2298,5314,43.2442604441099,56.7557395558901
09001080200,"Census Tract 802, Fairfield County, Connecticut",1551,4306,36.01950766372504,63.98049233627496
09001080400,"Census Tract 804, Fairfield County, Connecticut",1899,6013,31.581573257941127,68.41842674205887
09001080500,"Census Tract 805, Fairfield County, Connecticut",2971,3191,93.10560952679411,6.894390473205888
09001080600,"Census Tract 806, Fairfield County, Connecticut",2132,2730,78.0952380952381,21.904761904761898
09001080700,"Census Tract 807, Fairfield County, Connecticut",1235,1868,66.1134903640257,33.886509635974306
09001080800,"Census Tract 808, Fairfield County, Connecticut",3724,4668,79.77720651242502,20.222793487574975
09001080900,"Census Tract 809, Fairfield County, Connecticut",3361,5041,66.67327911128744,33.32672088871256
09001081000,"Census Tract 810, Fairfield County, Connecticut",3077,4555,67.55214050493963,32.44785949506037
09001081100,"Census Tract 811, Fairfield County, Connecticut",3459,4811,71.89773435876117,28.10226564123883
09001081200,"Census Tract 812, Fairfield County, Connecticut",4021,4955,81.15035317860747,18.849646821392525
09001081300,"Census Tract 813, Fairfield County, Connecticut",4235,4908,86.2876935615322,13.712306438467806
09001090100,"Census Tract 901, Fairfield County, Connecticut",2648,3248,81.5270935960591,18.472906403940897
09001090200,"Census Tract 902, Fairfield County, Connecticut",6525,7609,85.75371270863451,14.24628729136549
09001090300,"Census Tract 903, Fairfield County, Connecticut",3524,4810,73.26403326403327,26.735966735966727
09001090400,"Census Tract 904, Fairfield County, Connecticut",5021,6804,73.79482657260435,26.20517342739565
09001090500,"Census Tract 905, Fairfield County, Connecticut",4182,5405,77.37280296022202,22.627197039777982
09001090600,"Census Tract 906, Fairfield County, Connecticut",2835,3577,79.2563600782779,20.743639921722107
09001090700,"Census Tract 907, Fairfield County, Connecticut",4440,5377,82.57392598103031,17.426074018969686
09001100100,"Census Tract 1001, Fairfield County, Connecticut",4253,5253,80.96325909004378,19.036740909956222
09001100200,"Census Tract 1002, Fairfield County, Connecticut",5581,6958,80.20983041103766,19.790169588962343
09001100300,"Census Tract 1003, Fairfield County, Connecticut",5830,6716,86.80762358546754,13.192376414532461
09001105100,"Census Tract 1051, Fairfield County, Connecticut",3650,4017,90.8638287279064,9.136171272093605
09001105200,"Census Tract 1052, Fairfield County, Connecticut",3085,3585,86.05299860529986,13.947001394700138
09001110100,"Census Tract 1101, Fairfield County, Connecticut",2047,3009,68.0292455965437,31.970754403456297
09001110201,"Census Tract 1102.01, Fairfield County, Connecticut",3650,4702,77.62654189706508,22.37345810293492
09001110202,"Census Tract 1102.02, Fairfield County, Connecticut",4118,5124,80.36690085870414,19.633099141295858
09001110301,"Census Tract 1103.01, Fairfield County, Connecticut",5802,6745,86.01927353595255,13.98072646404745
09001110302,"Census Tract 1103.02, Fairfield County, Connecticut",3058,3404,89.83548766157462,10.164512338425382
09001110400,"Census Tract 1104, Fairfield County, Connecticut",4490,5090,88.21218074656188,11.787819253438116
09001110500,"Census Tract 1105, Fairfield County, Connecticut",4813,5118,94.04064087534194,5.959359124658064
09001110601,"Census Tract 1106.01, Fairfield County, Connecticut",2649,2815,94.10301953818828,5.896980461811722
09001110602,"Census Tract 1106.02, Fairfield County, Connecticut",4188,4937,84.8288434271825,15.171156572817495
09001200100,"Census Tract 2001, Fairfield County, Connecticut",3050,3992,76.40280561122245,23.597194388777552
09001200200,"Census Tract 2002, Fairfield County, Connecticut",3498,5641,62.01028186491757,37.98971813508243
09001200301,"Census Tract 2003.01, Fairfield County, Connecticut",3911,5065,77.21618953603159,22.783810463968408
09001200302,"Census Tract 2003.02, Fairfield County, Connecticut",4946,5589,88.49525854356773,11.50474145643227
09001205100,"Census Tract 2051, Fairfield County, Connecticut",3790,4360,86.92660550458714,13.073394495412856
09001205200,"Census Tract 2052, Fairfield County, Connecticut",6711,7063,95.0162820331304,4.983717966869605
09001205300,"Census Tract 2053, Fairfield County, Connecticut",4563,6005,75.98667776852622,24.01332223147378
09001210101,"Census Tract 2101.01, Fairfield County, Connecticut",1143,2347,48.700468683425655,51.299531316574345
09001210102,"Census Tract 2101.02, Fairfield County, Connecticut",1333,3306,40.32062915910466,59.67937084089534
09001210201,"Census Tract 2102.01, Fairfield County, Connecticut",1451,3008,48.23803191489361,51.76196808510639
09001210202,"Census Tract 2102.02, Fairfield County, Connecticut",1285,3887,33.05891432981734,66.94108567018266
09001210300,"Census Tract 2103, Fairfield County, Connecticut",2598,5288,49.130105900151285,50.869894099848715
09001210401,"Census Tract 2104.01, Fairfield County, Connecticut",2504,4753,52.68251630549127,47.31748369450873
09001210402,"Census Tract 2104.02, Fairfield County, Connecticut",2006,4228,47.44560075685904,52.55439924314096
09001210501,"Census Tract 2105.01, Fairfield County, Connecticut",2214,3328,66.5264423076923,33.47355769230769
09001210502,"Census Tract 2105.02, Fairfield County, Connecticut",4678,6190,75.5735056542811,24.426494345718893
09001210600,"Census Tract 2106, Fairfield County, Connecticut",3451,6548,52.70311545510079,47.29688454489921
09001210701,"Census Tract 2107.01, Fairfield County, Connecticut",2514,6211,40.4765738206408,59.5234261793592
09001210702,"Census Tract 2107.02, Fairfield County, Connecticut",2234,4278,52.22066386161758,47.77933613838242
09001210800,"Census Tract 2108, Fairfield County, Connecticut",4327,6082,71.14436040776062,28.855639592239385
09001210900,"Census Tract 2109, Fairfield County, Connecticut",4458,5508,80.93681917211329,19.06318082788671
09001211000,"Census Tract 2110, Fairfield County, Connecticut",2724,4400,61.909090909090914,38.090909090909086
09001211100,"Census Tract 2111, Fairfield County, Connecticut",763,1211,63.005780346820806,36.994219653179194
09001211201,"Census Tract 2112.01, Fairfield County, Connecticut",2114,3828,55.22466039707419,44.77533960292581
09001211202,"Census Tract 2112.02, Fairfield County, Connecticut",1946,3044,63.929040735873855,36.070959264126145
09001211300,"Census Tract 2113, Fairfield County, Connecticut",2820,3777,74.66243050039714,25.337569499602864
09001211400,"Census Tract 2114, Fairfield County, Connecticut",3538,4975,71.11557788944724,28.884422110552762
09001220100,"Census Tract 2201, Fairfield County, Connecticut",4607,5406,85.22012578616352,14.779874213836479
09001220200,"Census Tract 2202, Fairfield County, Connecticut",4318,4670,92.46252676659529,7.537473233404711
09001220300,"Census Tract 2203, Fairfield County, Connecticut",3249,3564,91.16161616161617,8.838383838383834
09001230100,"Census Tract 2301, Fairfield County, Connecticut",6107,6965,87.68126346015794,12.318736539842064
09001230200,"Census Tract 2302, Fairfield County, Connecticut",1752,1879,93.2410856838744,6.758914316125598
09001230300,"Census Tract 2303, Fairfield County, Connecticut",2884,3292,87.60631834750912,12.393681652490883
09001230400,"Census Tract 2304, Fairfield County, Connecticut",5306,5930,89.47723440134907,10.522765598650935
09001230501,"Census Tract 2305.01, Fairfield County, Connecticut",3853,4237,90.93698371489262,9.06301628510738
09001230502,"Census Tract 2305.02, Fairfield County, Connecticut",4329,5085,85.13274336283186,14.86725663716814
09001240100,"Census Tract 2401, Fairfield County, Connecticut",3704,4391,84.35436119335003,15.64563880664997
09001240200,"Census Tract 2402, Fairfield County, Connecticut",4055,4440,91.32882882882883,8.671171171171167
09001245100,"Census Tract 2451, Fairfield County, Connecticut",2531,2948,85.85481682496608,14.145183175033921
09001245200,"Census Tract 2452, Fairfield County, Connecticut",3728,4356,85.58310376492194,14.416896235078056
09001245300,"Census Tract 2453, Fairfield County, Connecticut",5085,5321,95.5647434692727,4.435256530727301
09001245400,"Census Tract 2454, Fairfield County, Connecticut",2692,2976,90.45698924731182,9.543010752688176
09001245500,"Census Tract 2455, Fairfield County, Connecticut",2744,2844,96.48382559774966,3.5161744022503427
09001245600,"Census Tract 2456, Fairfield County, Connecticut",5922,6608,89.61864406779661,10.381355932203391
09001257100,"Census Tract 2571, Fairfield County, Connecticut",3162,3545,89.19605077574047,10.803949224259526
09001257200,"Census Tract 2572, Fairfield County, Connecticut",1191,4688,25.405290102389078,74.59470989761093
09001990000,"Census Tract 9900, Fairfield County, Connecticut",0,0,NA,NA
09003330100,"Census Tract 3301, Hartford County, Connecticut",1764,1971,89.49771689497716,10.50228310502284
09003400101,"Census Tract 4001.01, Hartford County, Connecticut",2629,2973,88.42919609821729,11.57080390178271
09003400102,"Census Tract 4001.02, Hartford County, Connecticut",3731,4447,83.89925792669214,16.100742073307856
09003400200,"Census Tract 4002, Hartford County, Connecticut",5605,6201,90.38864699242058,9.611353007579424
09003400300,"Census Tract 4003, Hartford County, Connecticut",5891,6486,90.82639531298182,9.173604687018184
09003405100,"Census Tract 4051, Hartford County, Connecticut",2362,3250,72.67692307692307,27.323076923076925
09003405200,"Census Tract 4052, Hartford County, Connecticut",3492,4305,81.1149825783972,18.885017421602797
09003405300,"Census Tract 4053, Hartford County, Connecticut",4949,6130,80.73409461663947,19.265905383360533
09003405401,"Census Tract 4054.01, Hartford County, Connecticut",2982,3301,90.33626173886701,9.663738261132991
09003405402,"Census Tract 4054.02, Hartford County, Connecticut",3103,3848,80.63929313929314,19.360706860706856
09003405500,"Census Tract 4055, Hartford County, Connecticut",4504,5356,84.09260642270351,15.907393577296489
09003405600,"Census Tract 4056, Hartford County, Connecticut",5516,7629,72.30305413553546,27.69694586446454
09003405700,"Census Tract 4057, Hartford County, Connecticut",1514,2130,71.07981220657277,28.920187793427232
09003405801,"Census Tract 4058.01, Hartford County, Connecticut",2370,2954,80.23019634394042,19.76980365605958
09003405802,"Census Tract 4058.02, Hartford County, Connecticut",3359,4219,79.61602275420717,20.383977245792835
09003405900,"Census Tract 4059, Hartford County, Connecticut",3967,4990,79.49899799599199,20.501002004008015
09003406001,"Census Tract 4060.01, Hartford County, Connecticut",3030,3988,75.9779338014042,24.022066198595795
09003406002,"Census Tract 4060.02, Hartford County, Connecticut",4097,4336,94.4880073800738,5.511992619926204
09003406100,"Census Tract 4061, Hartford County, Connecticut",2747,4297,63.9283220851757,36.0716779148243
09003410101,"Census Tract 4101.01, Hartford County, Connecticut",4823,5249,91.88416841303105,8.115831586968952
09003410102,"Census Tract 4101.02, Hartford County, Connecticut",3819,4262,89.60581886438291,10.394181135617089
09003415300,"Census Tract 4153, Hartford County, Connecticut",1345,2495,53.90781563126252,46.09218436873748
09003415400,"Census Tract 4154, Hartford County, Connecticut",3616,5980,60.468227424749166,39.531772575250834
09003415500,"Census Tract 4155, Hartford County, Connecticut",1513,3191,47.41460357254779,52.58539642745221
09003415600,"Census Tract 4156, Hartford County, Connecticut",1798,4638,38.76670978870202,61.23329021129798
09003415700,"Census Tract 4157, Hartford County, Connecticut",1949,3063,63.63042768527587,36.36957231472413
09003415800,"Census Tract 4158, Hartford County, Connecticut",1628,2906,56.022023399862356,43.977976600137644
09003415900,"Census Tract 4159, Hartford County, Connecticut",901,1422,63.36146272855133,36.63853727144867
09003416000,"Census Tract 4160, Hartford County, Connecticut",3501,4791,73.0745147150908,26.9254852849092
09003416100,"Census Tract 4161, Hartford County, Connecticut",2512,5129,48.976408656658215,51.023591343341785
09003416200,"Census Tract 4162, Hartford County, Connecticut",1402,2863,48.96961229479567,51.03038770520433
09003416300,"Census Tract 4163, Hartford County, Connecticut",2423,4325,56.02312138728324,43.97687861271676
09003416400,"Census Tract 4164, Hartford County, Connecticut",2328,3262,71.36725935009197,28.63274064990803
09003416500,"Census Tract 4165, Hartford County, Connecticut",2346,4554,51.515151515151516,48.484848484848484
09003416600,"Census Tract 4166, Hartford County, Connecticut",1834,3288,55.77858880778589,44.22141119221411
09003416700,"Census Tract 4167, Hartford County, Connecticut",3918,6624,59.14855072463768,40.85144927536232
09003416800,"Census Tract 4168, Hartford County, Connecticut",1697,3200,53.03125,46.96875
09003417100,"Census Tract 4171, Hartford County, Connecticut",1106,1762,62.769580022701476,37.230419977298524
09003417200,"Census Tract 4172, Hartford County, Connecticut",984,1501,65.55629580279813,34.44370419720187
09003417300,"Census Tract 4173, Hartford County, Connecticut",1254,1755,71.45299145299145,28.547008547008545
09003417400,"Census Tract 4174, Hartford County, Connecticut",2049,2897,70.72833966171902,29.27166033828098
09003417500,"Census Tract 4175, Hartford County, Connecticut",3377,4376,77.1709323583181,22.829067641681903
09003420400,"Census Tract 4204, Hartford County, Connecticut",2671,3161,84.49857639987346,15.501423600126543
09003420500,"Census Tract 4205, Hartford County, Connecticut",3883,5103,76.09249461101312,23.907505388986877
09003420601,"Census Tract 4206.01, Hartford County, Connecticut",2106,2368,88.9358108108108,11.064189189189193
09003420602,"Census Tract 4206.02, Hartford County, Connecticut",3034,3555,85.34458509142053,14.655414908579473
09003420700,"Census Tract 4207, Hartford County, Connecticut",2957,3327,88.87886985272017,11.121130147279828
09003430100,"Census Tract 4301, Hartford County, Connecticut",3842,4385,87.61687571265678,12.383124287343222
09003430201,"Census Tract 4302.01, Hartford County, Connecticut",3155,3485,90.53084648493544,9.469153515064562
09003430202,"Census Tract 4302.02, Hartford County, Connecticut",4200,4847,86.65153703321641,13.348462966783586
09003430203,"Census Tract 4302.03, Hartford County, Connecticut",3647,4047,90.1161354089449,9.8838645910551
09003430301,"Census Tract 4303.01, Hartford County, Connecticut",3424,3776,90.67796610169492,9.32203389830508
09003430302,"Census Tract 4303.02, Hartford County, Connecticut",2353,2567,91.66342033502143,8.336579664978572
09003430400,"Census Tract 4304, Hartford County, Connecticut",4162,4658,89.35165306998711,10.648346930012892
09003430501,"Census Tract 4305.01, Hartford County, Connecticut",1065,1318,80.80424886191199,19.195751138088013
09003430502,"Census Tract 4305.02, Hartford County, Connecticut",5191,5227,99.3112684140042,0.6887315859957965
09003430602,"Census Tract 4306.02, Hartford County, Connecticut",2959,3282,90.15843997562462,9.841560024375383
09003430603,"Census Tract 4306.03, Hartford County, Connecticut",1960,2466,79.48094079480941,20.519059205190587
09003430604,"Census Tract 4306.04, Hartford County, Connecticut",2985,3416,87.38290398126463,12.617096018735367
09003460100,"Census Tract 4601, Hartford County, Connecticut",2349,3179,73.89116074237182,26.108839257628176
09003460202,"Census Tract 4602.02, Hartford County, Connecticut",3515,4909,71.60317783662661,28.396822163373386
09003460203,"Census Tract 4602.03, Hartford County, Connecticut",2501,3633,68.841178089733,31.158821910266994
09003460204,"Census Tract 4602.04, Hartford County, Connecticut",4061,5804,69.968986905582355,30.031013094417645
09003460301,"Census Tract 4603.01, Hartford County, Connecticut",4224,5213,81.0281987339344,18.971801266065597
09003460302,"Census Tract 4603.02, Hartford County, Connecticut",3399,3821,88.95577074064381,11.044229259356186
09003462101,"Census Tract 4621.01, Hartford County, Connecticut",5353,6452,82.96652200867948,17.033477991320524
09003462102,"Census Tract 4621.02, Hartford County, Connecticut",3260,4236,76.95939565627951,23.04060434372049
09003462201,"Census Tract 4622.01, Hartford County, Connecticut",4526,5378,84.1576794347341,15.842320565265894
09003462202,"Census Tract 4622.02, Hartford County, Connecticut",1740,2755,63.1578947368421,36.8421052631579
09003464101,"Census Tract 4641.01, Hartford County, Connecticut",4844,5460,88.71794871794872,11.282051282051285
09003464102,"Census Tract 4641.02, Hartford County, Connecticut",4320,4671,92.48554913294798,7.51445086705202
09003466101,"Census Tract 4661.01, Hartford County, Connecticut",4785,5225,91.57894736842105,8.421052631578945
09003466102,"Census Tract 4661.02, Hartford County, Connecticut",4169,5148,80.98290598290599,19.01709401709401
09003466201,"Census Tract 4662.01, Hartford County, Connecticut",1894,2792,67.83667621776505,32.163323782234954
09003466202,"Census Tract 4662.02, Hartford County, Connecticut",3811,4104,92.86062378167641,7.139376218323591
09003466300,"Census Tract 4663, Hartford County, Connecticut",4399,4723,93.1399534194368,6.860046580563207
09003466400,"Census Tract 4664, Hartford County, Connecticut",2209,2475,89.25252525252525,10.747474747474755
09003468101,"Census Tract 4681.01, Hartford County, Connecticut",6555,6992,93.75,6.25
09003468102,"Census Tract 4681.02, Hartford County, Connecticut",3813,3979,95.82809751193767,4.171902488062329
09003470100,"Census Tract 4701, Hartford County, Connecticut",4068,5148,79.02097902097903,20.979020979020973
09003471100,"Census Tract 4711, Hartford County, Connecticut",608,4055,14.993834771886561,85.00616522811345
09003471200,"Census Tract 4712, Hartford County, Connecticut",576,3183,18.09613572101791,81.9038642789821
09003471300,"Census Tract 4713, Hartford County, Connecticut",1321,4622,28.580700995240154,71.41929900475985
09003471400,"Census Tract 4714, Hartford County, Connecticut",3509,5453,64.34989913808913,35.65010086191087
09003471500,"Census Tract 4715, Hartford County, Connecticut",1126,4086,27.55751346059716,72.44248653940284
09003473100,"Census Tract 4731, Hartford County, Connecticut",2248,6436,34.92852703542573,65.07147296457427
09003473400,"Census Tract 4734, Hartford County, Connecticut",1298,1763,73.62450368689734,26.37549631310266
09003473501,"Census Tract 4735.01, Hartford County, Connecticut",3099,4522,68.53162317558602,31.46837682441398
09003473502,"Census Tract 4735.02, Hartford County, Connecticut",1928,3174,60.74354127284184,39.25645872715816
09003473601,"Census Tract 4736.01, Hartford County, Connecticut",2178,3373,64.57159798399051,35.428402016009485
09003473602,"Census Tract 4736.02, Hartford County, Connecticut",1206,2460,49.02439024390244,50.97560975609756
09003473700,"Census Tract 4737, Hartford County, Connecticut",1819,5832,31.189986282578875,68.81001371742113
09003473800,"Census Tract 4738, Hartford County, Connecticut",180,1864,9.656652360515022,90.34334763948497
09003476100,"Census Tract 4761, Hartford County, Connecticut",3678,4705,78.17215727948991,21.82784272051009
09003476200,"Census Tract 4762, Hartford County, Connecticut",2465,2698,91.36397331356561,8.636026686434391
09003476300,"Census Tract 4763, Hartford County, Connecticut",3821,5156,74.10783553141971,25.89216446858029
09003477101,"Census Tract 4771.01, Hartford County, Connecticut",3921,4222,92.8706774040739,7.129322595926098
09003477103,"Census Tract 4771.03, Hartford County, Connecticut",3021,3452,87.51448435689456,12.485515643105444
09003477104,"Census Tract 4771.04, Hartford County, Connecticut",3141,5132,61.204208885424784,38.795791114575216
09003477200,"Census Tract 4772, Hartford County, Connecticut",2799,3057,91.5603532875368,8.439646712463201
09003480300,"Census Tract 4803, Hartford County, Connecticut",1778,2209,80.48890900860117,19.51109099139883
09003480400,"Census Tract 4804, Hartford County, Connecticut",2903,3727,77.89106519989268,22.10893480010732
09003480500,"Census Tract 4805, Hartford County, Connecticut",2568,3249,79.03970452446907,20.960295475530927
09003480600,"Census Tract 4806, Hartford County, Connecticut",2552,4591,55.58701807884992,44.41298192115008
09003480700,"Census Tract 4807, Hartford County, Connecticut",1721,2204,78.08529945553539,21.91470054446461
09003480800,"Census Tract 4808, Hartford County, Connecticut",3891,4280,90.91121495327103,9.088785046728972
09003480900,"Census Tract 4809, Hartford County, Connecticut",1823,2066,88.2381413359148,11.761858664085196
09003481000,"Census Tract 4810, Hartford County, Connecticut",3237,3849,84.09976617303195,15.900233826968048
09003481100,"Census Tract 4811, Hartford County, Connecticut",3179,3827,83.06767703161746,16.932322968382536
09003481200,"Census Tract 4812, Hartford County, Connecticut",3251,3876,83.87512899896801,16.12487100103199
09003481300,"Census Tract 4813, Hartford County, Connecticut",2252,2758,81.65337200870196,18.346627991298035
09003484100,"Census Tract 4841, Hartford County, Connecticut",3773,5053,74.66851375420542,25.33148624579458
09003484200,"Census Tract 4842, Hartford County, Connecticut",4873,6138,79.39068100358423,20.609318996415766
09003487100,"Census Tract 4871, Hartford County, Connecticut",4804,7313,65.69123478736498,34.308765212635024
09003487201,"Census Tract 4872.01, Hartford County, Connecticut",4154,4847,85.70249638951928,14.297503610480717
09003487202,"Census Tract 4872.02, Hartford County, Connecticut",2668,3478,76.71075330649799,23.289246693502008
09003487300,"Census Tract 4873, Hartford County, Connecticut",1221,1500,81.39999999999999,18.60000000000001
09003487400,"Census Tract 4874, Hartford County, Connecticut",1830,2540,72.04724409448819,27.952755905511808
09003487500,"Census Tract 4875, Hartford County, Connecticut",4536,7041,64.42266723476779,35.577332765232214
09003490100,"Census Tract 4901, Hartford County, Connecticut",4154,5756,72.1681723419041,27.831827658095904
09003490303,"Census Tract 4903.03, Hartford County, Connecticut",1612,3935,40.96569250317662,59.03430749682338
09003490304,"Census Tract 4903.04, Hartford County, Connecticut",3374,4242,79.53795379537954,20.462046204620464
09003492100,"Census Tract 4921, Hartford County, Connecticut",3330,3675,90.61224489795919,9.387755102040813
09003492200,"Census Tract 4922, Hartford County, Connecticut",3494,4246,82.28921337729628,17.710786622703722
09003492300,"Census Tract 4923, Hartford County, Connecticut",4151,5820,71.32302405498282,28.676975945017176
09003492400,"Census Tract 4924, Hartford County, Connecticut",2653,3019,87.8767803908579,12.123219609142097
09003492500,"Census Tract 4925, Hartford County, Connecticut",3247,3469,93.60046122801961,6.399538771980389
09003492600,"Census Tract 4926, Hartford County, Connecticut",5977,6933,86.21087552286167,13.78912447713833
09003494100,"Census Tract 4941, Hartford County, Connecticut",4457,6041,73.77917563317331,26.22082436682669
09003494201,"Census Tract 4942.01, Hartford County, Connecticut",4058,4670,86.8950749464668,13.104925053533194
09003494202,"Census Tract 4942.02, Hartford County, Connecticut",2306,2666,86.49662415603902,13.503375843960981
09003494300,"Census Tract 4943, Hartford County, Connecticut",3502,4306,81.32837900603809,18.67162099396191
09003494400,"Census Tract 4944, Hartford County, Connecticut",3924,4511,86.98736422079362,13.012635779206377
09003494500,"Census Tract 4945, Hartford County, Connecticut",3627,4545,79.8019801980198,20.198019801980195
09003494600,"Census Tract 4946, Hartford County, Connecticut",2768,3754,73.73468300479489,26.26531699520511
09003496100,"Census Tract 4961, Hartford County, Connecticut",1924,3004,64.0479360852197,35.9520639147803
09003496200,"Census Tract 4962, Hartford County, Connecticut",3517,4916,71.54190398698128,28.458096013018718
09003496300,"Census Tract 4963, Hartford County, Connecticut",3335,3923,85.0114708131532,14.988529186846804
09003496400,"Census Tract 4964, Hartford County, Connecticut",2518,2920,86.23287671232876,13.76712328767124
09003496500,"Census Tract 4965, Hartford County, Connecticut",2300,2707,84.96490579977835,15.03509420022165
09003496600,"Census Tract 4966, Hartford County, Connecticut",2481,2822,87.91637136782424,12.08362863217576
09003496700,"Census Tract 4967, Hartford County, Connecticut",2560,3651,70.11777595179403,29.88222404820597
09003496800,"Census Tract 4968, Hartford County, Connecticut",1939,3539,54.789488556089296,45.210511443910704
09003496900,"Census Tract 4969, Hartford County, Connecticut",4396,6091,72.17205713347562,27.82794286652438
09003497000,"Census Tract 4970, Hartford County, Connecticut",3896,4443,87.68849876209768,12.31150123790232
09003497100,"Census Tract 4971, Hartford County, Connecticut",3437,4104,83.74756335282652,16.252436647173482
09003497200,"Census Tract 4972, Hartford County, Connecticut",1889,2256,83.73226950354609,16.267730496453908
09003497300,"Census Tract 4973, Hartford County, Connecticut",3675,4992,73.61778846153845,26.382211538461547
09003497400,"Census Tract 4974, Hartford County, Connecticut",3424,4138,82.74528757854036,17.254712421459644
09003497500,"Census Tract 4975, Hartford County, Connecticut",2584,3887,66.47800360174942,33.52199639825058
09003497600,"Census Tract 4976, Hartford County, Connecticut",1757,2172,80.89318600368324,19.10681399631676
09003497700,"Census Tract 4977, Hartford County, Connecticut",3482,4469,77.9145222644887,22.085477735511304
09003500100,"Census Tract 5001, Hartford County, Connecticut",809,3755,21.544607190412783,78.45539280958721
09003500200,"Census Tract 5002, Hartford County, Connecticut",539,1982,27.194752774974774,72.80524722502523
09003500300,"Census Tract 5003, Hartford County, Connecticut",556,2105,26.413301662707838,73.58669833729216
09003500400,"Census Tract 5004, Hartford County, Connecticut",575,1873,30.699412706887347,69.30058729311266
09003500500,"Census Tract 5005, Hartford County, Connecticut",286,1401,20.41399000713776,79.58600999286224
09003500900,"Census Tract 5009, Hartford County, Connecticut",378,2031,18.61152141802068,81.38847858197931
09003501200,"Census Tract 5012, Hartford County, Connecticut",758,2815,26.927175843694496,73.0728241563055
09003501300,"Census Tract 5013, Hartford County, Connecticut",282,1816,15.52863436123348,84.47136563876651
09003501400,"Census Tract 5014, Hartford County, Connecticut",293,2319,12.634756360500216,87.36524363949978
09003501500,"Census Tract 5015, Hartford County, Connecticut",497,2861,17.371548409646977,82.62845159035302
09003501700,"Census Tract 5017, Hartford County, Connecticut",373,1514,24.63672391017173,75.36327608982828
09003501800,"Census Tract 5018, Hartford County, Connecticut",463,2729,16.965921582997435,83.03407841700256
09003502100,"Census Tract 5021, Hartford County, Connecticut",1356,2429,55.825442568958415,44.174557431041585
09003502300,"Census Tract 5023, Hartford County, Connecticut",2000,5734,34.87966515521451,65.12033484478549
09003502400,"Census Tract 5024, Hartford County, Connecticut",1175,5981,19.645544223374017,80.35445577662598
09003502500,"Census Tract 5025, Hartford County, Connecticut",584,1847,31.61884136437466,68.38115863562534
09003502600,"Census Tract 5026, Hartford County, Connecticut",1112,3653,30.44073364358062,69.55926635641939
09003502700,"Census Tract 5027, Hartford County, Connecticut",2194,4826,45.46208039784501,54.53791960215499
09003502800,"Census Tract 5028, Hartford County, Connecticut",701,2854,24.562018220042045,75.43798177995795
09003502900,"Census Tract 5029, Hartford County, Connecticut",825,3081,26.777020447906523,73.22297955209348
09003503000,"Census Tract 5030, Hartford County, Connecticut",845,2706,31.22690317812269,68.77309682187732
09003503101,"Census Tract 5031.01, Hartford County, Connecticut",605,1988,30.432595573440647,69.56740442655935
09003503102,"Census Tract 5031.02, Hartford County, Connecticut",592,2334,25.36418166238218,74.63581833761782
09003503300,"Census Tract 5033, Hartford County, Connecticut",222,2765,8.028933092224232,91.97106690777576
09003503500,"Census Tract 5035, Hartford County, Connecticut",115,1612,7.133995037220843,92.86600496277916
09003503700,"Census Tract 5037, Hartford County, Connecticut",194,2475,7.838383838383839,92.16161616161617
09003503800,"Census Tract 5038, Hartford County, Connecticut",2020,3045,66.33825944170772,33.66174055829228
09003503900,"Census Tract 5039, Hartford County, Connecticut",282,4574,6.165282028858767,93.83471797114123
09003504000,"Census Tract 5040, Hartford County, Connecticut",36,3118,1.1545862732520846,98.84541372674792
09003504100,"Census Tract 5041, Hartford County, Connecticut",435,1581,27.514231499051235,72.48576850094877
09003504200,"Census Tract 5042, Hartford County, Connecticut",2510,5485,45.76116681859617,54.23883318140383
09003504300,"Census Tract 5043, Hartford County, Connecticut",636,2168,29.335793357933582,70.66420664206642
09003504500,"Census Tract 5045, Hartford County, Connecticut",1134,3280,34.573170731707314,65.42682926829269
09003504800,"Census Tract 5048, Hartford County, Connecticut",1803,4796,37.59382819015847,62.40617180984153
09003504900,"Census Tract 5049, Hartford County, Connecticut",1367,5028,27.18774860779634,72.81225139220366
09003510100,"Census Tract 5101, Hartford County, Connecticut",878,1895,46.33245382585752,53.66754617414248
09003510200,"Census Tract 5102, Hartford County, Connecticut",1148,2533,45.32175286221871,54.67824713778129
09003510300,"Census Tract 5103, Hartford County, Connecticut",1579,3894,40.54956343091936,59.45043656908064
09003510400,"Census Tract 5104, Hartford County, Connecticut",3205,6417,49.94545737883747,50.05454262116253
09003510500,"Census Tract 5105, Hartford County, Connecticut",1165,3183,36.60069117185046,63.39930882814954
09003510600,"Census Tract 5106, Hartford County, Connecticut",1810,4871,37.158694313282695,62.841305686717305
09003510700,"Census Tract 5107, Hartford County, Connecticut",2685,4784,56.124581939799334,43.875418060200666
09003510800,"Census Tract 5108, Hartford County, Connecticut",2218,3435,64.57059679767103,35.42940320232897
09003510900,"Census Tract 5109, Hartford County, Connecticut",2480,3780,65.60846560846561,34.39153439153439
09003511000,"Census Tract 5110, Hartford County, Connecticut",2278,3622,62.893429044726666,37.106570955273334
09003511100,"Census Tract 5111, Hartford County, Connecticut",2502,3573,70.02518891687657,29.974811083123427
09003511200,"Census Tract 5112, Hartford County, Connecticut",1193,3096,38.53359173126615,61.46640826873385
09003511300,"Census Tract 5113, Hartford County, Connecticut",1712,3695,46.33288227334235,53.66711772665765
09003511400,"Census Tract 5114, Hartford County, Connecticut",1198,2193,54.62836297309621,45.37163702690379
09003514101,"Census Tract 5141.01, Hartford County, Connecticut",2527,3306,76.4367816091954,23.563218390804593
09003514103,"Census Tract 5141.03, Hartford County, Connecticut",1565,4577,34.19270264365305,65.80729735634695
09003514104,"Census Tract 5141.04, Hartford County, Connecticut",1288,3311,38.90063424947146,61.09936575052854
09003514200,"Census Tract 5142, Hartford County, Connecticut",1911,3218,59.38471100062151,40.61528899937849
09003514300,"Census Tract 5143, Hartford County, Connecticut",3052,4187,72.8922856460473,27.1077143539527
09003514400,"Census Tract 5144, Hartford County, Connecticut",3203,4603,69.58505322615686,30.41494677384314
09003514500,"Census Tract 5145, Hartford County, Connecticut",2769,4890,56.62576687116564,43.37423312883436
09003514600,"Census Tract 5146, Hartford County, Connecticut",3395,5195,65.35129932627527,34.64870067372473
09003514700,"Census Tract 5147, Hartford County, Connecticut",1464,5005,29.25074925074925,70.74925074925075
09003514800,"Census Tract 5148, Hartford County, Connecticut",1601,3311,48.35397160978556,51.64602839021444
09003514900,"Census Tract 5149, Hartford County, Connecticut",2644,3029,87.28953449983493,12.710465500165071
09003515000,"Census Tract 5150, Hartford County, Connecticut",2267,2955,76.71742808798646,23.282571912013537
09003515101,"Census Tract 5151.01, Hartford County, Connecticut",2089,2584,80.843653250774,19.156346749226003
09003515102,"Census Tract 5151.02, Hartford County, Connecticut",3227,6024,53.569057104913675,46.430942895086325
09003515200,"Census Tract 5152, Hartford County, Connecticut",2895,3257,88.88547743322076,11.114522566779243
09003520100,"Census Tract 5201, Hartford County, Connecticut",4623,5724,80.76519916142557,19.23480083857443
09003520201,"Census Tract 5202.01, Hartford County, Connecticut",2883,3666,78.64157119476268,21.358428805237324
09003520202,"Census Tract 5202.02, Hartford County, Connecticut",3519,3959,88.88608234402628,11.113917655973722
09003520301,"Census Tract 5203.01, Hartford County, Connecticut",3293,4511,72.99933495898914,27.000665041010862
09003520302,"Census Tract 5203.02, Hartford County, Connecticut",3652,4598,79.42583732057416,20.57416267942584
09003520400,"Census Tract 5204, Hartford County, Connecticut",7043,8123,86.70441954942754,13.295580450572459
09003520501,"Census Tract 5205.01, Hartford County, Connecticut",4010,4480,89.50892857142857,10.49107142857143
09003524100,"Census Tract 5241, Hartford County, Connecticut",5752,6155,93.45247766043867,6.547522339561326
09003524200,"Census Tract 5242, Hartford County, Connecticut",5282,6749,78.26344643650911,21.736553563490887
09003524300,"Census Tract 5243, Hartford County, Connecticut",3909,5844,66.88911704312115,33.110882956878854
09003524400,"Census Tract 5244, Hartford County, Connecticut",434,3332,13.025210084033615,86.97478991596638
09003524501,"Census Tract 5245.01, Hartford County, Connecticut",1539,3621,42.50207125103563,57.49792874896437
09003524502,"Census Tract 5245.02, Hartford County, Connecticut",1185,1946,60.89414182939363,39.10585817060637
09003524600,"Census Tract 5246, Hartford County, Connecticut",286,3348,8.542413381123058,91.45758661887695
09003524700,"Census Tract 5247, Hartford County, Connecticut",1516,3762,40.29771398192451,59.70228601807549
09003980001,"Census Tract 9800.01, Hartford County, Connecticut",0,0,NA,NA
09003980002,"Census Tract 9800.02, Hartford County, Connecticut",0,0,NA,NA
09003980003,"Census Tract 9800.03, Hartford County, Connecticut",0,0,NA,NA
09003980100,"Census Tract 9801, Hartford County, Connecticut",244,992,24.596774193548388,75.40322580645162
09005250100,"Census Tract 2501, Litchfield County, Connecticut",1766,1824,96.8201754385965,3.1798245614035068
09005253100,"Census Tract 2531, Litchfield County, Connecticut",2908,3291,88.3621999392282,11.637800060771795
09005253200,"Census Tract 2532, Litchfield County, Connecticut",6047,7056,85.7001133786848,14.299886621315196
09005253400,"Census Tract 2534, Litchfield County, Connecticut",5434,6175,88,12
09005253500,"Census Tract 2535, Litchfield County, Connecticut",5507,6276,87.74697259400892,12.253027405991077
09005260200,"Census Tract 2602, Litchfield County, Connecticut",2946,3209,91.80430040511062,8.195699594889376
09005261100,"Census Tract 2611, Litchfield County, Connecticut",3869,4048,95.57806324110672,4.421936758893281
09005262100,"Census Tract 2621, Litchfield County, Connecticut",2417,2679,90.22023142963792,9.77976857036208
09005263200,"Census Tract 2632, Litchfield County, Connecticut",1273,1379,92.31327048585932,7.68672951414068
09005265100,"Census Tract 2651, Litchfield County, Connecticut",1136,1383,82.14027476500362,17.859725234996375
09005266100,"Census Tract 2661, Litchfield County, Connecticut",2675,2970,90.06734006734007,9.93265993265993
09005267100,"Census Tract 2671, Litchfield County, Connecticut",3156,3619,87.20641061066593,12.793589389334073
09005268100,"Census Tract 2681, Litchfield County, Connecticut",1989,2104,94.5342205323194,5.465779467680605
09005290100,"Census Tract 2901, Litchfield County, Connecticut",3549,3659,96.99371412954359,3.0062858704564093
09005293100,"Census Tract 2931, Litchfield County, Connecticut",1350,1422,94.9367088607595,5.063291139240505
09005296100,"Census Tract 2961, Litchfield County, Connecticut",2814,3139,89.64638419878942,10.35361580121058
09005298300,"Census Tract 2983, Litchfield County, Connecticut",2610,2679,97.42441209406495,2.575587905935052
09005298400,"Census Tract 2984, Litchfield County, Connecticut",2715,2820,96.27659574468085,3.723404255319153
09005300100,"Census Tract 3001, Litchfield County, Connecticut",2297,2433,94.41019317714755,5.589806822852452
09005300400,"Census Tract 3004, Litchfield County, Connecticut",1605,1944,82.56172839506173,17.438271604938265
09005300500,"Census Tract 3005, Litchfield County, Connecticut",3456,3784,91.33192389006342,8.668076109936578
09005303100,"Census Tract 3031, Litchfield County, Connecticut",2036,2149,94.7417403443462,5.258259655653802
09005306100,"Census Tract 3061, Litchfield County, Connecticut",6384,6685,95.49738219895289,4.5026178010471085
09005310100,"Census Tract 3101, Litchfield County, Connecticut",3397,4017,84.56559621608164,15.434403783918356
09005310200,"Census Tract 3102, Litchfield County, Connecticut",1975,2540,77.75590551181102,22.244094488188978
09005310300,"Census Tract 3103, Litchfield County, Connecticut",1338,1680,79.64285714285714,20.35714285714286
09005310400,"Census Tract 3104, Litchfield County, Connecticut",2237,2540,88.07086614173228,11.929133858267718
09005310500,"Census Tract 3105, Litchfield County, Connecticut",1753,1956,89.62167689161554,10.378323108384464
09005310601,"Census Tract 3106.01, Litchfield County, Connecticut",2971,3321,89.46100572116832,10.53899427883168
09005310602,"Census Tract 3106.02, Litchfield County, Connecticut",4260,4461,95.49428379287154,4.505716207128458
09005310700,"Census Tract 3107, Litchfield County, Connecticut",3709,4095,90.57387057387058,9.426129426129421
09005310801,"Census Tract 3108.01, Litchfield County, Connecticut",2039,2381,85.63628727425451,14.363712725745486
09005310803,"Census Tract 3108.03, Litchfield County, Connecticut",4736,5526,85.70394498733262,14.29605501266738
09005310804,"Census Tract 3108.04, Litchfield County, Connecticut",2517,2930,85.90443686006826,14.095563139931741
09005320101,"Census Tract 3201.01, Litchfield County, Connecticut",1177,1377,85.47567175018156,14.524328249818439
09005320102,"Census Tract 3201.02, Litchfield County, Connecticut",4122,4571,90.17720411288558,9.822795887114424
09005320200,"Census Tract 3202, Litchfield County, Connecticut",4296,4387,97.925689537269207,2.074310462730793
09005342100,"Census Tract 3421, Litchfield County, Connecticut",3151,3408,92.45892018779342,7.541079812206576
09005349100,"Census Tract 3491, Litchfield County, Connecticut",4779,5186,92.15194755109911,7.848052448900887
09005349200,"Census Tract 3492, Litchfield County, Connecticut",2178,2311,94.24491562094332,5.755084379056683
09005360100,"Census Tract 3601, Litchfield County, Connecticut",4442,5318,83.52764197066567,16.47235802933433
09005360200,"Census Tract 3602, Litchfield County, Connecticut",7145,7610,93.88961892247043,6.110381077529567
09005360300,"Census Tract 3603, Litchfield County, Connecticut",2984,3262,91.477621091355,8.522378908644995
09005360400,"Census Tract 3604, Litchfield County, Connecticut",5415,5920,91.4695945945946,8.530405405405403
09005362101,"Census Tract 3621.01, Litchfield County, Connecticut",3965,4314,91.91006026889198,8.089939731108018
09005362102,"Census Tract 3621.02, Litchfield County, Connecticut",5123,5448,94.03450807635829,5.965491923641707
09005425300,"Census Tract 4253, Litchfield County, Connecticut",3725,3981,93.56945491082642,6.430545089173577
09005425400,"Census Tract 4254, Litchfield County, Connecticut",4394,4817,91.21860078887273,8.781399211127265
09005425500,"Census Tract 4255, Litchfield County, Connecticut",2677,2907,92.08806329549364,7.91193670450636
09005425601,"Census Tract 4256.01, Litchfield County, Connecticut",1521,1685,90.26706231454006,9.732937685459945
09005425602,"Census Tract 4256.02, Litchfield County, Connecticut",1160,1223,94.84873262469338,5.151267375306617
09005425700,"Census Tract 4257, Litchfield County, Connecticut",4292,5276,81.34950720242608,18.650492797573918
09007541100,"Census Tract 5411, Middlesex County, Connecticut",1410,2301,61.27770534550196,38.72229465449804
09007541200,"Census Tract 5412, Middlesex County, Connecticut",3860,5339,72.29818318037086,27.701816819629144
09007541301,"Census Tract 5413.01, Middlesex County, Connecticut",1274,2124,59.981167608286256,40.018832391713744
09007541302,"Census Tract 5413.02, Middlesex County, Connecticut",2307,3847,59.968806862490254,40.031193137509746
09007541401,"Census Tract 5414.01, Middlesex County, Connecticut",3051,3400,89.73529411764706,10.264705882352942
09007541402,"Census Tract 5414.02, Middlesex County, Connecticut",3952,5490,71.98542805100182,28.01457194899818
09007541500,"Census Tract 5415, Middlesex County, Connecticut",2142,3150,68,32
09007541600,"Census Tract 5416, Middlesex County, Connecticut",1019,1585,64.29022082018928,35.709779179810724
09007541700,"Census Tract 5417, Middlesex County, Connecticut",2273,3487,65.18497275595068,34.81502724404932
09007542000,"Census Tract 5420, Middlesex County, Connecticut",3542,4823,73.43976777939042,26.560232220609578
09007542100,"Census Tract 5421, Middlesex County, Connecticut",2774,4065,68.2410824108241,31.758917589175894
09007542200,"Census Tract 5422, Middlesex County, Connecticut",1406,1752,80.25114155251141,19.748858447488587
09007550100,"Census Tract 5501, Middlesex County, Connecticut",5091,5798,87.80614004829252,12.19385995170748
09007550201,"Census Tract 5502.01, Middlesex County, Connecticut",3852,4148,92.86403085824494,7.135969141755055
09007550202,"Census Tract 5502.02, Middlesex County, Connecticut",2751,2912,94.47115384615384,5.52884615384616
09007560100,"Census Tract 5601, Middlesex County, Connecticut",5407,5740,94.19860627177701,5.80139372822299
09007560200,"Census Tract 5602, Middlesex County, Connecticut",3286,3719,88.3570852379672,11.642914762032802
09007570100,"Census Tract 5701, Middlesex County, Connecticut",3508,4844,72.41948802642443,27.580511973575568
09007570200,"Census Tract 5702, Middlesex County, Connecticut",3170,3511,90.28766733124466,9.712332668755337
09007570300,"Census Tract 5703, Middlesex County, Connecticut",5150,5897,87.33254197049347,12.667458029506534
09007580100,"Census Tract 5801, Middlesex County, Connecticut",3960,4276,92.60991580916745,7.390084190832553
09007585100,"Census Tract 5851, Middlesex County, Connecticut",6745,7242,93.13725490196079,6.862745098039213
09007590101,"Census Tract 5901.01, Middlesex County, Connecticut",3706,3888,95.31893004115226,4.681069958847743
09007590102,"Census Tract 5901.02, Middlesex County, Connecticut",4032,4606,87.53799392097264,12.462006079027361
09007595101,"Census Tract 5951.01, Middlesex County, Connecticut",3406,3578,95.1928451648966,4.807154835103404
09007595102,"Census Tract 5951.02, Middlesex County, Connecticut",5224,5395,96.83039851714551,3.169601482854489
09007600100,"Census Tract 6001, Middlesex County, Connecticut",3462,3787,91.41800897808291,8.58199102191709
09007610100,"Census Tract 6101, Middlesex County, Connecticut",1855,2029,91.42434696895022,8.575653031049782
09007610200,"Census Tract 6102, Middlesex County, Connecticut",3455,3554,97.21440630275747,2.7855936972425326
09007610300,"Census Tract 6103, Middlesex County, Connecticut",3878,4211,92.09213963429114,7.907860365708856
09007610400,"Census Tract 6104, Middlesex County, Connecticut",3415,3489,97.87904843794783,2.12095156205217
09007620100,"Census Tract 6201, Middlesex County, Connecticut",4300,4473,96.13234965347641,3.8676503465235896
09007630101,"Census Tract 6301.01, Middlesex County, Connecticut",3575,4007,89.21886698278013,10.781133017219872
09007630102,"Census Tract 6301.02, Middlesex County, Connecticut",2562,2718,94.26048565121413,5.739514348785875
09007640100,"Census Tract 6401, Middlesex County, Connecticut",5794,6276,92.31994901210963,7.680050987890368
09007670100,"Census Tract 6701, Middlesex County, Connecticut",4407,4631,95.16303174260419,4.83696825739581
09007670200,"Census Tract 6702, Middlesex County, Connecticut",5708,5875,97.15744680851064,2.8425531914893583
09007680101,"Census Tract 6801.01, Middlesex County, Connecticut",2725,3184,85.58417085427136,14.415829145728637
09007680102,"Census Tract 6801.02, Middlesex County, Connecticut",2788,3616,77.10176991150442,22.89823008849558
09007680200,"Census Tract 6802, Middlesex County, Connecticut",4319,5801,74.45268057231512,25.547319427684883
09007990100,"Census Tract 9901, Middlesex County, Connecticut",0,0,NA,NA
09009120100,"Census Tract 1201, New Haven County, Connecticut",5670,6572,86.27510651247718,13.72489348752282
09009120200,"Census Tract 1202, New Haven County, Connecticut",3842,5815,66.07050730868444,33.92949269131556
09009125100,"Census Tract 1251, New Haven County, Connecticut",3884,4700,82.63829787234043,17.36170212765957
09009125200,"Census Tract 1252, New Haven County, Connecticut",3349,5835,57.395029991431024,42.604970008568976
09009125300,"Census Tract 1253, New Haven County, Connecticut",3337,4761,70.09031716026045,29.909682839739546
09009125400,"Census Tract 1254, New Haven County, Connecticut",2204,3649,60.40010961907372,39.59989038092628
09009130101,"Census Tract 1301.01, New Haven County, Connecticut",4722,5345,88.34424695977549,11.65575304022451
09009130102,"Census Tract 1301.02, New Haven County, Connecticut",2747,3445,79.7387518142235,20.261248185776495
09009130201,"Census Tract 1302.01, New Haven County, Connecticut",3660,3967,92.26115452482985,7.738845475170152
09009130202,"Census Tract 1302.02, New Haven County, Connecticut",3307,3974,83.21590337191746,16.784096628082537
09009140101,"Census Tract 1401.01, New Haven County, Connecticut",576,923,62.405200433369444,37.594799566630556
09009140102,"Census Tract 1401.02, New Haven County, Connecticut",1083,2763,39.19652551574376,60.80347448425624
09009140200,"Census Tract 1402, New Haven County, Connecticut",159,386,41.19170984455959,58.80829015544041
09009140300,"Census Tract 1403, New Haven County, Connecticut",1130,2568,44.00311526479751,55.99688473520249
09009140400,"Census Tract 1404, New Haven County, Connecticut",1114,3626,30.722559293987867,69.27744070601213
09009140500,"Census Tract 1405, New Haven County, Connecticut",1112,3865,28.771021992238033,71.22897800776197
09009140600,"Census Tract 1406, New Haven County, Connecticut",1772,5469,32.40080453464984,67.59919546535016
09009140700,"Census Tract 1407, New Haven County, Connecticut",967,3656,26.449671772428886,73.55032822757111
09009140800,"Census Tract 1408, New Haven County, Connecticut",780,4210,18.52731591448931,81.47268408551069
09009140900,"Census Tract 1409, New Haven County, Connecticut",1558,5018,31.04822638501395,68.95177361498605
09009141000,"Census Tract 1410, New Haven County, Connecticut",3033,3925,77.27388535031847,22.726114649681534
09009141100,"Census Tract 1411, New Haven County, Connecticut",1350,2718,49.668874172185426,50.331125827814574
09009141200,"Census Tract 1412, New Haven County, Connecticut",995,4884,20.372645372645373,79.62735462735463
09009141301,"Census Tract 1413.01, New Haven County, Connecticut",2954,7035,41.99004975124378,58.00995024875622
09009141400,"Census Tract 1414, New Haven County, Connecticut",1069,5920,18.05743243243243,81.94256756756756
09009141500,"Census Tract 1415, New Haven County, Connecticut",721,7954,9.064621574050792,90.93537842594921
09009141600,"Census Tract 1416, New Haven County, Connecticut",1002,4949,20.246514447363104,79.7534855526369
09009141800,"Census Tract 1418, New Haven County, Connecticut",2273,4539,50.07710949548358,49.92289050451642
09009141900,"Census Tract 1419, New Haven County, Connecticut",4016,5486,73.20452059788552,26.79547940211448
09009142000,"Census Tract 1420, New Haven County, Connecticut",2061,3295,62.54931714719272,37.45068285280728
09009142100,"Census Tract 1421, New Haven County, Connecticut",877,1459,60.10966415352982,39.89033584647018
09009142200,"Census Tract 1422, New Haven County, Connecticut",1105,1555,71.06109324758843,28.93890675241157
09009142300,"Census Tract 1423, New Haven County, Connecticut",1560,5137,30.367919018882617,69.63208098111738
09009142400,"Census Tract 1424, New Haven County, Connecticut",1522,5887,25.85357567521658,74.14642432478342
09009142500,"Census Tract 1425, New Haven County, Connecticut",3030,5646,53.6663124335813,46.3336875664187
09009142601,"Census Tract 1426.01, New Haven County, Connecticut",2533,5938,42.65746042438531,57.34253957561469
09009142604,"Census Tract 1426.04, New Haven County, Connecticut",1726,3364,51.307966706302025,48.692033293697975
09009142605,"Census Tract 1426.05, New Haven County, Connecticut",1582,3983,39.71880492091388,60.28119507908612
09009142700,"Census Tract 1427, New Haven County, Connecticut",2687,7075,37.97879858657244,62.02120141342756
09009142800,"Census Tract 1428, New Haven County, Connecticut",3300,3902,84.57201435161456,15.427985648385445
09009150100,"Census Tract 1501, New Haven County, Connecticut",3631,4216,86.12428842504744,13.875711574952561
09009150200,"Census Tract 1502, New Haven County, Connecticut",2726,3310,82.35649546827794,17.64350453172206
09009150300,"Census Tract 1503, New Haven County, Connecticut",3088,3641,84.81186487228783,15.188135127712172
09009150400,"Census Tract 1504, New Haven County, Connecticut",3004,3921,76.61310890079062,23.38689109920938
09009150500,"Census Tract 1505, New Haven County, Connecticut",3829,4387,87.2806017779804,12.719398222019606
09009150600,"Census Tract 1506, New Haven County, Connecticut",5559,6986,79.5734325794446,20.4265674205554
09009150700,"Census Tract 1507, New Haven County, Connecticut",3802,4134,91.96903725205613,8.030962747943875
09009150800,"Census Tract 1508, New Haven County, Connecticut",3352,3938,85.1193499238192,14.8806500761808
09009150900,"Census Tract 1509, New Haven County, Connecticut",3587,4000,89.67500000000001,10.324999999999989
09009151000,"Census Tract 1510, New Haven County, Connecticut",3679,3969,92.69337364575459,7.3066263542454095
09009151100,"Census Tract 1511, New Haven County, Connecticut",5338,6572,81.22337188070603,18.776628119293974
09009151200,"Census Tract 1512, New Haven County, Connecticut",2835,3234,87.66233766233766,12.337662337662337
09009154101,"Census Tract 1541.01, New Haven County, Connecticut",882,2680,32.91044776119403,67.08955223880596
09009154102,"Census Tract 1541.02, New Haven County, Connecticut",2202,5829,37.77663407102419,62.22336592897581
09009154200,"Census Tract 1542, New Haven County, Connecticut",2987,6400,46.671875,53.328125
09009154500,"Census Tract 1545, New Haven County, Connecticut",2831,4357,64.97590084920817,35.02409915079183
09009154600,"Census Tract 1546, New Haven County, Connecticut",2251,4881,46.11759885269412,53.88240114730588
09009154700,"Census Tract 1547, New Haven County, Connecticut",5383,6645,81.00827689992475,18.991723100075248
09009154800,"Census Tract 1548, New Haven County, Connecticut",4326,4731,91.43944197844007,8.560558021559928
09009154900,"Census Tract 1549, New Haven County, Connecticut",2678,4199,63.77708978328174,36.22291021671826
09009155000,"Census Tract 1550, New Haven County, Connecticut",3457,5021,68.85082652857997,31.149173471420028
09009155100,"Census Tract 1551, New Haven County, Connecticut",1856,3125,59.392,40.608
09009157100,"Census Tract 1571, New Haven County, Connecticut",1938,2453,79.00529963310233,20.994700366897675
09009157200,"Census Tract 1572, New Haven County, Connecticut",3154,4028,78.30188679245283,21.698113207547166
09009157300,"Census Tract 1573, New Haven County, Connecticut",2888,3381,85.41851523217983,14.581484767820172
09009157400,"Census Tract 1574, New Haven County, Connecticut",3197,4363,73.27526931010773,26.72473068989227
09009160100,"Census Tract 1601, New Haven County, Connecticut",2726,3358,81.17927337701013,18.820726622989866
09009160200,"Census Tract 1602, New Haven County, Connecticut",4790,5715,83.81452318460192,16.185476815398076
09009161100,"Census Tract 1611, New Haven County, Connecticut",4862,5331,91.202401050459585,8.797598949540415
09009165100,"Census Tract 1651, New Haven County, Connecticut",2021,3962,51.009591115598184,48.990408884401816
09009165200,"Census Tract 1652, New Haven County, Connecticut",2183,2550,85.6078431372549,14.392156862745097
09009165300,"Census Tract 1653, New Haven County, Connecticut",1759,2059,85.42982030111705,14.570179698882953
09009165400,"Census Tract 1654, New Haven County, Connecticut",2616,5176,50.540958268933544,49.459041731066456
09009165500,"Census Tract 1655, New Haven County, Connecticut",688,4465,15.408734602463605,84.59126539753639
09009165600,"Census Tract 1656, New Haven County, Connecticut",1901,5452,34.86793837123991,65.13206162876008
09009165700,"Census Tract 1657, New Haven County, Connecticut",1757,4749,36.997262581596125,63.002737418403875
09009165801,"Census Tract 1658.01, New Haven County, Connecticut",2249,5397,41.67129886974245,58.32870113025755
09009165802,"Census Tract 1658.02, New Haven County, Connecticut",2854,4555,62.65642151481888,37.34357848518112
09009165900,"Census Tract 1659, New Haven County, Connecticut",6309,7780,81.09254498714652,18.907455012853475
09009166002,"Census Tract 1660.02, New Haven County, Connecticut",5529,7639,72.37858358423878,27.621416415761217
09009166003,"Census Tract 1660.03, New Haven County, Connecticut",1340,2381,56.27887442251155,43.72112557748845
09009166004,"Census Tract 1660.04, New Haven County, Connecticut",2931,4995,58.67867867867867,41.32132132132133
09009167101,"Census Tract 1671.01, New Haven County, Connecticut",2832,3644,77.71679473106477,22.283205268935234
09009167102,"Census Tract 1671.02, New Haven County, Connecticut",3746,4311,86.89399211319879,13.106007886801208
09009167201,"Census Tract 1672.01, New Haven County, Connecticut",3650,4406,82.84157966409441,17.15842033590559
09009167202,"Census Tract 1672.02, New Haven County, Connecticut",3665,4266,85.91186122831692,14.088138771683077
09009167301,"Census Tract 1673.01, New Haven County, Connecticut",6064,7590,79.89459815546772,20.10540184453228
09009170100,"Census Tract 1701, New Haven County, Connecticut",513,1359,37.74834437086093,62.25165562913907
09009170200,"Census Tract 1702, New Haven County, Connecticut",529,1689,31.32030787448194,68.67969212551806
09009170300,"Census Tract 1703, New Haven County, Connecticut",1043,2094,49.80897803247373,50.19102196752627
09009170400,"Census Tract 1704, New Haven County, Connecticut",1111,1899,58.50447604002106,41.49552395997894
09009170500,"Census Tract 1705, New Haven County, Connecticut",4408,5592,78.826895565093,21.173104434907003
09009170600,"Census Tract 1706, New Haven County, Connecticut",1661,2605,63.76199616122841,36.23800383877159
09009170700,"Census Tract 1707, New Haven County, Connecticut",1378,2142,64.33239962651727,35.66760037348273
09009170800,"Census Tract 1708, New Haven County, Connecticut",4671,7005,66.68094218415418,33.319057815845824
09009170900,"Census Tract 1709, New Haven County, Connecticut",1572,2524,62.28209191759112,37.71790808240888
09009171000,"Census Tract 1710, New Haven County, Connecticut",907,1841,49.26670287887018,50.73329712112982
09009171100,"Census Tract 1711, New Haven County, Connecticut",4724,5588,84.53829634931998,15.461703650680022
09009171201,"Census Tract 1712.01, New Haven County, Connecticut",4031,5075,79.42857142857143,20.57142857142857
09009171202,"Census Tract 1712.02, New Haven County, Connecticut",2664,3082,86.4373783257625,13.562621674237505
09009171300,"Census Tract 1713, New Haven County, Connecticut",2950,3721,79.27976350443429,20.720236495565715
09009171400,"Census Tract 1714, New Haven County, Connecticut",1232,1775,69.40845070422536,30.59154929577464
09009171500,"Census Tract 1715, New Haven County, Connecticut",1105,3410,32.40469208211144,67.59530791788856
09009171600,"Census Tract 1716, New Haven County, Connecticut",3449,5609,61.4904617578891,38.5095382421109
09009171700,"Census Tract 1717, New Haven County, Connecticut",3297,3780,87.22222222222223,12.777777777777771
09009175100,"Census Tract 1751, New Haven County, Connecticut",2619,3201,81.81818181818183,18.181818181818173
09009175200,"Census Tract 1752, New Haven County, Connecticut",1945,2792,69.66332378223495,30.336676217765046
09009175300,"Census Tract 1753, New Haven County, Connecticut",3275,4043,81.004204798417,18.995795201582993
09009175400,"Census Tract 1754, New Haven County, Connecticut",3036,5240,57.93893129770993,42.06106870229007
09009175501,"Census Tract 1755.01, New Haven County, Connecticut",1699,1754,96.86431014823262,3.1356898517673812
09009175502,"Census Tract 1755.02, New Haven County, Connecticut",5000,5290,94.5179584120983,5.482041587901705
09009175600,"Census Tract 1756, New Haven County, Connecticut",4694,5313,88.34933182759269,11.650668172407308
09009175700,"Census Tract 1757, New Haven County, Connecticut",1977,2040,96.91176470588235,3.088235294117652
09009175800,"Census Tract 1758, New Haven County, Connecticut",3041,4088,74.38845401174167,25.611545988258328
09009175900,"Census Tract 1759, New Haven County, Connecticut",5020,5207,96.4086806222393,3.5913193777606978
09009176000,"Census Tract 1760, New Haven County, Connecticut",5252,5460,96.19047619047619,3.80952380952381
09009180101,"Census Tract 1801.01, New Haven County, Connecticut",1713,2037,84.09425625920471,15.905743740795288
09009180102,"Census Tract 1801.02, New Haven County, Connecticut",3855,4963,77.6747934716905,22.325206528309494
09009180200,"Census Tract 1802, New Haven County, Connecticut",3509,5104,68.75,31.25
09009180300,"Census Tract 1803, New Haven County, Connecticut",1718,2441,70.38099139696845,29.619008603031546
09009180400,"Census Tract 1804, New Haven County, Connecticut",1460,2496,58.493589743589745,41.506410256410255
09009180500,"Census Tract 1805, New Haven County, Connecticut",3034,4409,68.81378997505104,31.186210024948963
09009180601,"Census Tract 1806.01, New Haven County, Connecticut",3134,3330,94.11411411411412,5.885885885885884
09009180602,"Census Tract 1806.02, New Haven County, Connecticut",3156,3274,96.3958460598656,3.6041539401343954
09009184101,"Census Tract 1841.01, New Haven County, Connecticut",4344,5223,83.17059161401494,16.82940838598506
09009184200,"Census Tract 1842, New Haven County, Connecticut",3002,4157,72.21554005292278,27.784459947077224
09009184300,"Census Tract 1843, New Haven County, Connecticut",4237,4401,96.27357418768462,3.7264258123153837
09009184400,"Census Tract 1844, New Haven County, Connecticut",3115,3222,96.67908131595281,3.320918684047186
09009184500,"Census Tract 1845, New Haven County, Connecticut",2404,2485,96.74044265593561,3.2595573440643903
09009184600,"Census Tract 1846, New Haven County, Connecticut",2780,2921,95.17288599794591,4.827114002054088
09009184700,"Census Tract 1847, New Haven County, Connecticut",4932,5821,84.72771001546127,15.27228998453873
09009186100,"Census Tract 1861, New Haven County, Connecticut",6626,6931,95.59948059443082,4.4005194055691845
09009186200,"Census Tract 1862, New Haven County, Connecticut",6186,6712,92.16328963051251,7.836710369487491
09009190100,"Census Tract 1901, New Haven County, Connecticut",2788,3250,85.78461538461538,14.215384615384622
09009190200,"Census Tract 1902, New Haven County, Connecticut",2941,3187,92.28114213994351,7.718857860056488
09009190301,"Census Tract 1903.01, New Haven County, Connecticut",6286,6828,92.06209724663151,7.9379027533684905
09009190302,"Census Tract 1903.02, New Haven County, Connecticut",5076,5505,92.20708446866485,7.792915531335154
09009190303,"Census Tract 1903.03, New Haven County, Connecticut",2869,3343,85.82111875560874,14.178881244391263
09009194101,"Census Tract 1941.01, New Haven County, Connecticut",1877,1986,94.5115810674723,5.4884189325276935
09009194102,"Census Tract 1941.02, New Haven County, Connecticut",2629,2758,95.32269760696157,4.677302393038431
09009194201,"Census Tract 1942.01, New Haven County, Connecticut",6713,7253,92.5548049083138,7.445195091686202
09009194202,"Census Tract 1942.02, New Haven County, Connecticut",5087,5745,88.54656222802437,11.45343777197563
09009341100,"Census Tract 3411, New Haven County, Connecticut",5743,6027,95.2878712460594,4.712128753940604
09009343101,"Census Tract 3431.01, New Haven County, Connecticut",3775,5896,64.02645861601086,35.973541383989144
09009343102,"Census Tract 3431.02, New Haven County, Connecticut",3533,4071,86.78457381478752,13.215426185212479
09009343200,"Census Tract 3432, New Haven County, Connecticut",4749,5356,88.66691560866317,11.333084391336826
09009343300,"Census Tract 3433, New Haven County, Connecticut",6004,6519,92.10001533977604,7.899984660223964
09009343400,"Census Tract 3434, New Haven County, Connecticut",5057,6924,73.03581744656267,26.964182553437325
09009344100,"Census Tract 3441, New Haven County, Connecticut",4394,4839,90.80388510022732,9.196114899772681
09009344200,"Census Tract 3442, New Haven County, Connecticut",2432,2778,87.54499640028797,12.455003599712029
09009345100,"Census Tract 3451, New Haven County, Connecticut",5932,7400,80.16216216216216,19.83783783783784
09009345201,"Census Tract 3452.01, New Haven County, Connecticut",5482,7227,75.85443475854434,24.145565241455657
09009345202,"Census Tract 3452.02, New Haven County, Connecticut",3256,4184,77.82026768642447,22.179732313575528
09009345300,"Census Tract 3453, New Haven County, Connecticut",5462,6322,86.39670990192977,13.603290098070232
09009345400,"Census Tract 3454, New Haven County, Connecticut",5236,6453,81.14055478072214,18.85944521927786
09009346101,"Census Tract 3461.01, New Haven County, Connecticut",6204,6670,93.01349325337331,6.986506746626688
09009346102,"Census Tract 3461.02, New Haven County, Connecticut",5319,6074,87.56997036549227,12.430029634507733
09009347100,"Census Tract 3471, New Haven County, Connecticut",5284,5701,92.68549377302227,7.314506226977727
09009347200,"Census Tract 3472, New Haven County, Connecticut",3333,3660,91.06557377049181,8.93442622950819
09009348111,"Census Tract 3481.11, New Haven County, Connecticut",2400,2611,91.91880505553428,8.081194944465722
09009348122,"Census Tract 3481.22, New Haven County, Connecticut",3804,4096,92.87109375,7.12890625
09009348123,"Census Tract 3481.23, New Haven County, Connecticut",5781,6389,90.48364376271716,9.516356237282835
09009348124,"Census Tract 3481.24, New Haven County, Connecticut",2287,2381,96.05207895842082,3.9479210415791783
09009348125,"Census Tract 3481.25, New Haven County, Connecticut",3553,4389,80.95238095238095,19.04761904761905
09009350101,"Census Tract 3501.01, New Haven County, Connecticut",1647,3505,46.99001426533523,53.00998573466477
09009350200,"Census Tract 3502, New Haven County, Connecticut",1043,3331,31.311918342839988,68.68808165716001
09009350300,"Census Tract 3503, New Haven County, Connecticut",724,1760,41.13636363636364,58.86363636363636
09009350400,"Census Tract 3504, New Haven County, Connecticut",684,2413,28.346456692913385,71.65354330708661
09009350500,"Census Tract 3505, New Haven County, Connecticut",681,2332,29.202401372212694,70.79759862778731
09009350800,"Census Tract 3508, New Haven County, Connecticut",3508,6376,55.01882057716436,44.98117942283564
09009350900,"Census Tract 3509, New Haven County, Connecticut",1519,2328,65.2491408934708,34.750859106529205
09009351000,"Census Tract 3510, New Haven County, Connecticut",2317,4339,53.39940078359069,46.60059921640931
09009351100,"Census Tract 3511, New Haven County, Connecticut",1456,4172,34.899328859060404,65.1006711409396
09009351200,"Census Tract 3512, New Haven County, Connecticut",1543,3591,42.96853244221665,57.03146755778335
09009351300,"Census Tract 3513, New Haven County, Connecticut",3050,5542,55.03428365211115,44.96571634788885
09009351400,"Census Tract 3514, New Haven County, Connecticut",2212,4621,47.868426747457264,52.131573252542736
09009351500,"Census Tract 3515, New Haven County, Connecticut",2935,4773,61.491724282421956,38.508275717578044
09009351601,"Census Tract 3516.01, New Haven County, Connecticut",1702,3110,54.726688102893895,45.273311897106105
09009351602,"Census Tract 3516.02, New Haven County, Connecticut",5356,7458,71.8155001340842,28.184499865915797
09009351700,"Census Tract 3517, New Haven County, Connecticut",2044,3285,62.22222222222222,37.77777777777778
09009351800,"Census Tract 3518, New Haven County, Connecticut",3038,4311,70.47088842495941,29.529111575040588
09009351900,"Census Tract 3519, New Haven County, Connecticut",2421,2967,81.59757330637008,18.40242669362992
09009352000,"Census Tract 3520, New Haven County, Connecticut",3500,5061,69.15629322268326,30.84370677731674
09009352100,"Census Tract 3521, New Haven County, Connecticut",2983,4651,64.13674478606751,35.86325521393249
09009352200,"Census Tract 3522, New Haven County, Connecticut",1866,2842,65.65798733286418,34.34201266713582
09009352300,"Census Tract 3523, New Haven County, Connecticut",1093,2805,38.96613190730838,61.03386809269162
09009352400,"Census Tract 3524, New Haven County, Connecticut",2702,4069,66.4045219955763,33.5954780044237
09009352500,"Census Tract 3525, New Haven County, Connecticut",2003,3496,57.294050343249424,42.705949656750576
09009352600,"Census Tract 3526, New Haven County, Connecticut",3859,5381,71.71529455491545,28.284705445084555
09009352701,"Census Tract 3527.01, New Haven County, Connecticut",1993,3504,56.87785388127854,43.12214611872146
09009352702,"Census Tract 3527.02, New Haven County, Connecticut",3676,5282,69.59485043544113,30.40514956455887
09009352800,"Census Tract 3528, New Haven County, Connecticut",3534,6478,54.55387465267057,45.44612534732943
09009361100,"Census Tract 3611, New Haven County, Connecticut",5946,6623,89.77804620262721,10.221953797372791
09009361200,"Census Tract 3612, New Haven County, Connecticut",4974,5534,89.88073726057102,10.119262739428976
09009361300,"Census Tract 3613, New Haven County, Connecticut",3937,4075,96.61349693251535,3.3865030674846537
09009361401,"Census Tract 3614.01, New Haven County, Connecticut",2243,3878,57.839092315626615,42.160907684373385
09009361402,"Census Tract 3614.02, New Haven County, Connecticut",1855,2861,64.837469416288,35.162530583712
09009361500,"Census Tract 3615, New Haven County, Connecticut",2800,7650,36.60130718954248,63.39869281045752
09009990000,"Census Tract 9900, New Haven County, Connecticut",0,0,NA,NA
09011650100,"Census Tract 6501, New London County, Connecticut",2246,2430,92.42798353909465,7.5720164609053455
09011660101,"Census Tract 6601.01, New London County, Connecticut",3146,3316,94.87334137515079,5.126658624849213
09011660103,"Census Tract 6601.03, New London County, Connecticut",2462,2671,92.17521527517783,7.824784724822166
09011660104,"Census Tract 6601.04, New London County, Connecticut",1392,1595,87.27272727272727,12.727272727272734
09011690300,"Census Tract 6903, New London County, Connecticut",2619,6593,39.723949643561355,60.276050356438645
09011690400,"Census Tract 6904, New London County, Connecticut",557,2099,26.53644592663173,73.46355407336827
09011690500,"Census Tract 6905, New London County, Connecticut",1342,2621,51.201831362075545,48.798168637924455
09011690700,"Census Tract 6907, New London County, Connecticut",489,1134,43.12169312169312,56.87830687830688
09011690800,"Census Tract 6908, New London County, Connecticut",2514,3569,70.43989913140936,29.560100868590638
09011690900,"Census Tract 6909, New London County, Connecticut",3729,5253,70.98800685322672,29.01199314677328
09011693300,"Census Tract 6933, New London County, Connecticut",5208,5686,91.5933872669715,8.406612733028496
09011693400,"Census Tract 6934, New London County, Connecticut",3448,4189,82.31081403676295,17.68918596323705
09011693500,"Census Tract 6935, New London County, Connecticut",3077,3426,89.81319322825453,10.186806771745466
09011693600,"Census Tract 6936, New London County, Connecticut",2458,2971,82.73308650286098,17.266913497139015
09011693700,"Census Tract 6937, New London County, Connecticut",2754,3286,83.81010346926354,16.189896530736462
09011695201,"Census Tract 6952.01, New London County, Connecticut",4547,5241,86.75825224193856,13.241747758061436
09011695202,"Census Tract 6952.02, New London County, Connecticut",4979,5648,88.15509915014165,11.844900849858348
09011696100,"Census Tract 6961, New London County, Connecticut",3589,4850,74,26
09011696200,"Census Tract 6962, New London County, Connecticut",3961,4828,82.04225352112677,17.957746478873233
09011696300,"Census Tract 6963, New London County, Connecticut",2520,3125,80.64,19.36
09011696401,"Census Tract 6964.01, New London County, Connecticut",2866,5189,55.23222200809405,44.76777799190595
09011696500,"Census Tract 6965, New London County, Connecticut",2122,3270,64.89296636085628,35.10703363914372
09011696600,"Census Tract 6966, New London County, Connecticut",2824,4418,63.920325939339065,36.079674060660935
09011696701,"Census Tract 6967.01, New London County, Connecticut",4224,5811,72.68972638100155,27.31027361899845
09011696800,"Census Tract 6968, New London County, Connecticut",1875,3586,52.28667038482989,47.71332961517011
09011697000,"Census Tract 6970, New London County, Connecticut",3263,4943,66.01254299008698,33.987457009913015
09011700100,"Census Tract 7001, New London County, Connecticut",4449,4778,93.11427375470909,6.885726245290911
09011701100,"Census Tract 7011, New London County, Connecticut",6552,8211,79.79539641943734,20.20460358056266
09011701200,"Census Tract 7012, New London County, Connecticut",6435,7102,90.60827935792734,9.391720642072656
09011702100,"Census Tract 7021, New London County, Connecticut",3490,4356,80.11937557392102,19.88062442607898
09011702300,"Census Tract 7023, New London County, Connecticut",1791,2337,76.6367137355584,23.363286264441598
09011702400,"Census Tract 7024, New London County, Connecticut",2536,3620,70.05524861878453,29.944751381215468
09011702500,"Census Tract 7025, New London County, Connecticut",2609,4436,58.81424706943192,41.18575293056808
09011702600,"Census Tract 7026, New London County, Connecticut",1053,1147,91.80470793374019,8.19529206625981
09011702700,"Census Tract 7027, New London County, Connecticut",3228,5256,61.41552511415526,38.58447488584474
09011702800,"Census Tract 7028, New London County, Connecticut",2536,3939,64.38182279766438,35.618177202335616
09011702900,"Census Tract 7029, New London County, Connecticut",2049,2147,95.43549138332557,4.564508616674431
09011703000,"Census Tract 7030, New London County, Connecticut",2963,3362,88.13206424747175,11.867935752528254
09011705101,"Census Tract 7051.01, New London County, Connecticut",3469,4047,85.71781566592537,14.282184334074628
09011705102,"Census Tract 7051.02, New London County, Connecticut",3251,4041,80.45038356842366,19.54961643157634
09011705200,"Census Tract 7052, New London County, Connecticut",3527,3743,94.2292278920652,5.770772107934803
09011705300,"Census Tract 7053, New London County, Connecticut",2806,3676,76.3329706202394,23.667029379760606
09011705400,"Census Tract 7054, New London County, Connecticut",2627,2847,92.27256761503337,7.727432384966633
09011707100,"Census Tract 7071, New London County, Connecticut",4809,5151,93.36051252184042,6.63948747815958
09011708100,"Census Tract 7081, New London County, Connecticut",2275,2554,89.07595927956147,10.924040720438526
09011709100,"Census Tract 7091, New London County, Connecticut",5586,5993,93.20874353412314,6.791256465876856
09011709200,"Census Tract 7092, New London County, Connecticut",4710,5467,86.15328333638192,13.846716663618082
09011710100,"Census Tract 7101, New London County, Connecticut",3848,4198,91.66269652215341,8.33730347784659
09011711100,"Census Tract 7111, New London County, Connecticut",2565,2955,86.80203045685279,13.19796954314721
09011712100,"Census Tract 7121, New London County, Connecticut",1538,1835,83.81471389645777,16.185286103542225
09011713100,"Census Tract 7131, New London County, Connecticut",2204,2389,92.25617413143574,7.743825868564258
09011714101,"Census Tract 7141.01, New London County, Connecticut",3624,3906,92.78033794162826,7.219662058371739
09011714103,"Census Tract 7141.03, New London County, Connecticut",5785,6618,87.41311574493805,12.586884255061946
09011714104,"Census Tract 7141.04, New London County, Connecticut",4590,5028,91.28878281622912,8.711217183770884
09011715100,"Census Tract 7151, New London County, Connecticut",3755,4186,89.70377448638318,10.296225513616818
09011716101,"Census Tract 7161.01, New London County, Connecticut",3756,5753,65.28767599513297,34.71232400486703
09011716102,"Census Tract 7161.02, New London County, Connecticut",4218,5193,81.22472559214327,18.775274407856728
09011870100,"Census Tract 8701, New London County, Connecticut",6553,7140,91.77871148459383,8.221288515406172
09011870200,"Census Tract 8702, New London County, Connecticut",4444,5639,78.8082993438553,21.191700656144704
09011870300,"Census Tract 8703, New London County, Connecticut",3533,6316,55.93730208993034,44.06269791006966
09011870501,"Census Tract 8705.01, New London County, Connecticut",3073,4409,69.69834429575867,30.301655704241327
09011870502,"Census Tract 8705.02, New London County, Connecticut",2045,3309,61.80114838319734,38.19885161680266
09011870701,"Census Tract 8707.01, New London County, Connecticut",1665,2052,81.14035087719299,18.859649122807014
09011870703,"Census Tract 8707.03, New London County, Connecticut",1379,1602,86.07990012484395,13.920099875156055
09011870704,"Census Tract 8707.04, New London County, Connecticut",3886,4198,92.56788947117676,7.4321105288232445
09011980000,"Census Tract 9800, New London County, Connecticut",1759,2447,71.88393951777687,28.116060482223133
09011990100,"Census Tract 9901, New London County, Connecticut",0,0,NA,NA
09013526101,"Census Tract 5261.01, Tolland County, Connecticut",3789,3970,95.44080604534005,4.559193954659946
09013526102,"Census Tract 5261.02, Tolland County, Connecticut",4973,5152,96.52562111801242,3.474378881987576
09013528100,"Census Tract 5281, Tolland County, Connecticut",2750,2998,91.72781854569713,8.272181454302867
09013529100,"Census Tract 5291, Tolland County, Connecticut",4407,4839,91.07253564786113,8.92746435213887
09013530100,"Census Tract 5301, Tolland County, Connecticut",1918,2174,88.22447102115916,11.775528978840839
09013530200,"Census Tract 5302, Tolland County, Connecticut",5034,7149,70.41544271926143,29.584557280738565
09013530301,"Census Tract 5303.01, Tolland County, Connecticut",3675,4967,73.9883229313469,26.0116770686531
09013530302,"Census Tract 5303.02, Tolland County, Connecticut",4611,5939,77.63933322108099,22.36066677891901
09013530400,"Census Tract 5304, Tolland County, Connecticut",2859,3990,71.65413533834587,28.345864661654133
09013530500,"Census Tract 5305, Tolland County, Connecticut",2669,3188,83.72020075282308,16.279799247176925
09013530600,"Census Tract 5306, Tolland County, Connecticut",2486,2595,95.79961464354528,4.200385356454717
09013533102,"Census Tract 5331.02, Tolland County, Connecticut",4726,5543,85.26068915749593,14.739310842504068
09013533103,"Census Tract 5331.03, Tolland County, Connecticut",3951,4243,93.11807683242989,6.881923167570108
09013533104,"Census Tract 5331.04, Tolland County, Connecticut",4325,4760,90.86134453781513,9.138655462184872
09013535101,"Census Tract 5351.01, Tolland County, Connecticut",4674,5900,79.22033898305084,20.779661016949163
09013535102,"Census Tract 5351.02, Tolland County, Connecticut",3753,3959,94.79666582470321,5.2033341752967885
09013535200,"Census Tract 5352, Tolland County, Connecticut",5465,6480,84.33641975308642,15.663580246913583
09013538100,"Census Tract 5381, Tolland County, Connecticut",640,1534,41.720990873533246,58.279009126466754
09013538201,"Census Tract 5382.01, Tolland County, Connecticut",4490,4664,96.26929674099486,3.730703259005139
09013538202,"Census Tract 5382.02, Tolland County, Connecticut",3740,4200,89.04761904761904,10.952380952380963
09013840100,"Census Tract 8401, Tolland County, Connecticut",4786,5586,85.67848191908342,14.321518080916576
09013850100,"Census Tract 8501, Tolland County, Connecticut",5420,5888,92.05163043478261,7.948369565217391
09013850200,"Census Tract 8502, Tolland County, Connecticut",5744,6298,91.2035566846618,8.796443315338195
09013860100,"Census Tract 8601, Tolland County, Connecticut",4946,5269,93.86980451698615,6.13019548301385
09013881100,"Census Tract 8811, Tolland County, Connecticut",4654,5277,88.19404964942203,11.805950350577973
09013881200,"Census Tract 8812, Tolland County, Connecticut",7853,9949,78.93255603578248,21.067443964217517
09013881300,"Census Tract 8813, Tolland County, Connecticut",4092,5537,73.90283547047137,26.097164529528627
09013881500,"Census Tract 8815, Tolland County, Connecticut",4439,5668,78.3168666196189,21.683133380381094
09013890100,"Census Tract 8901, Tolland County, Connecticut",3473,3630,95.67493112947658,4.325068870523424
09013890202,"Census Tract 8902.02, Tolland County, Connecticut",4710,5013,93.95571514063435,6.044284859365646
09013890203,"Census Tract 8902.03, Tolland County, Connecticut",852,932,91.41630901287554,8.583690987124456
09013890204,"Census Tract 8902.04, Tolland County, Connecticut",2641,2829,93.35454224107458,6.645457758925417
09015800300,"Census Tract 8003, Windham County, Connecticut",4589,7272,63.105060506050606,36.894939493949394
09015800400,"Census Tract 8004, Windham County, Connecticut",2844,3567,79.73086627417997,20.269133725820026
09015800501,"Census Tract 8005.01, Windham County, Connecticut",3024,3706,81.59740960604425,18.402590393955748
09015800502,"Census Tract 8005.02, Windham County, Connecticut",2177,2535,85.87771203155819,14.12228796844181
09015800600,"Census Tract 8006, Windham County, Connecticut",1826,3859,47.317958020212494,52.682041979787506
09015800700,"Census Tract 8007, Windham County, Connecticut",2995,3541,84.58062694154194,15.419373058458063
09015815000,"Census Tract 8150, Windham County, Connecticut",1941,2208,87.90760869565217,12.092391304347828
09015820000,"Census Tract 8200, Windham County, Connecticut",1610,1685,95.54896142433235,4.451038575667653
09015825000,"Census Tract 8250, Windham County, Connecticut",1359,1639,82.91641244661379,17.08358755338621
09015830100,"Census Tract 8301, Windham County, Connecticut",3886,4193,92.67827331266396,7.321726687336039
09015900100,"Census Tract 9001, Windham County, Connecticut",4192,4672,89.72602739726028,10.273972602739718
09015900200,"Census Tract 9002, Windham County, Connecticut",4387,4541,96.60867650297291,3.391323497027088
09015901101,"Census Tract 9011.01, Windham County, Connecticut",2615,3003,87.07958707958709,12.920412920412915
09015901102,"Census Tract 9011.02, Windham County, Connecticut",4909,5184,94.69521604938271,5.304783950617292
09015902200,"Census Tract 9022, Windham County, Connecticut",1519,1648,92.17233009708737,7.827669902912632
09015902500,"Census Tract 9025, Windham County, Connecticut",3977,4255,93.46650998824911,6.533490011750885
09015903101,"Census Tract 9031.01, Windham County, Connecticut",3279,3418,95.93329432416617,4.0667056758338305
09015903102,"Census Tract 9031.02, Windham County, Connecticut",2902,3555,81.63150492264415,18.368495077355846
09015903200,"Census Tract 9032, Windham County, Connecticut",1964,2277,86.2538427755819,13.746157224418099
09015904101,"Census Tract 9041.01, Windham County, Connecticut",4979,5083,97.9539641943734,2.0460358056266017
09015904102,"Census Tract 9041.02, Windham County, Connecticut",2241,2312,96.92906574394463,3.0709342560553665
09015904400,"Census Tract 9044, Windham County, Connecticut",4300,4774,90.07121910347716,9.928780896522838
09015904500,"Census Tract 9045, Windham County, Connecticut",4512,5512,81.8577648766328,18.1422351233672
09015905101,"Census Tract 9051.01, Windham County, Connecticut",3726,4393,84.81675392670157,15.183246073298434
09015905102,"Census Tract 9051.02, Windham County, Connecticut",3689,4028,91.58391261171798,8.416087388282023
09015906100,"Census Tract 9061, Windham County, Connecticut",4654,5053,92.10370077181872,7.896299228181277
09015907100,"Census Tract 9071, Windham County, Connecticut",3830,4445,86.16422947131609,13.83577052868391
09015907200,"Census Tract 9072, Windham County, Connecticut",4829,5076,95.13396375098503,4.866036249014968
09015907300,"Census Tract 9073, Windham County, Connecticut",4894,5470,89.46983546617916,10.530164533820837
09015908100,"Census Tract 9081, Windham County, Connecticut",3268,3599,90.80300083356488,9.19699916643512
